Analysis & Synthesis report for 2d_conv
Wed Sep  9 10:16:30 2026
Quartus Prime Version 25.1std.0 Build 1129 10/21/2025 SC Lite Edition


---------------------
; Table of Contents ;
---------------------
  1. Legal Notice
  2. Analysis & Synthesis Summary
  3. Analysis & Synthesis Settings
  4. Parallel Compilation
  5. Analysis & Synthesis Source Files Read
  6. Analysis & Synthesis Resource Usage Summary
  7. Analysis & Synthesis Resource Utilization by Entity
  8. Analysis & Synthesis RAM Summary
  9. Analysis & Synthesis DSP Block Usage Summary
 10. State Machine - |system_top|vga_controller:u_vga_controller|v_cs
 11. State Machine - |system_top|vga_controller:u_vga_controller|h_cs
 12. Registers Removed During Synthesis
 13. Removed Registers Triggering Further Register Optimizations
 14. General Register Statistics
 15. Inverted Register Statistics
 16. Registers Packed Into Inferred Megafunctions
 17. Multiplexer Restructuring Statistics (Restructuring Performed)
 18. Source assignments for fr_buf:u_fr_buf|altsyncram:ram_rtl_0|altsyncram_hjn1:auto_generated
 19. Source assignments for conv_top:u_conv_top|image_bram:u_image_bram|altsyncram:image_mem_top_rtl_0|altsyncram_37f1:auto_generated
 20. Source assignments for conv_top:u_conv_top|image_bram:u_image_bram|altsyncram:image_mem_mid_rtl_0|altsyncram_47f1:auto_generated
 21. Source assignments for conv_top:u_conv_top|image_bram:u_image_bram|altsyncram:image_mem_bot_rtl_0|altsyncram_57f1:auto_generated
 22. Source assignments for conv_top:u_conv_top|adder_tree:u_adder_tree|in9_reg:reg_inst|altshift_taps:shift_reg_rtl_0|shift_taps_vcv:auto_generated|altsyncram_hfc1:altsyncram4
 23. Source assignments for conv_top:u_conv_top|adder_tree:u_adder_tree|in9_reg:reg_inst|altshift_taps:shift_reg_rtl_0|shift_taps_vcv:auto_generated|cntr_b1h:cntr5
 24. Parameter Settings for User Entity Instance: conv_top:u_conv_top|window_gen:u_window_gen
 25. Parameter Settings for User Entity Instance: conv_top:u_conv_top|k_regs:u_k_regs
 26. Parameter Settings for User Entity Instance: conv_top:u_conv_top|mac_mult_array:u_mac
 27. Parameter Settings for User Entity Instance: conv_top:u_conv_top|mac_mult_array:u_mac|signed_multiply_with_input_and_output_registers:mult_inst1
 28. Parameter Settings for User Entity Instance: conv_top:u_conv_top|mac_mult_array:u_mac|signed_multiply_with_input_and_output_registers:mult_inst2
 29. Parameter Settings for User Entity Instance: conv_top:u_conv_top|mac_mult_array:u_mac|signed_multiply_with_input_and_output_registers:mult_inst3
 30. Parameter Settings for User Entity Instance: conv_top:u_conv_top|mac_mult_array:u_mac|signed_multiply_with_input_and_output_registers:mult_inst4
 31. Parameter Settings for User Entity Instance: conv_top:u_conv_top|mac_mult_array:u_mac|signed_multiply_with_input_and_output_registers:mult_inst5
 32. Parameter Settings for User Entity Instance: conv_top:u_conv_top|mac_mult_array:u_mac|signed_multiply_with_input_and_output_registers:mult_inst6
 33. Parameter Settings for User Entity Instance: conv_top:u_conv_top|mac_mult_array:u_mac|signed_multiply_with_input_and_output_registers:mult_inst7
 34. Parameter Settings for User Entity Instance: conv_top:u_conv_top|mac_mult_array:u_mac|signed_multiply_with_input_and_output_registers:mult_inst8
 35. Parameter Settings for User Entity Instance: conv_top:u_conv_top|mac_mult_array:u_mac|signed_multiply_with_input_and_output_registers:mult_inst9
 36. Parameter Settings for User Entity Instance: conv_top:u_conv_top|adder_tree:u_adder_tree
 37. Parameter Settings for User Entity Instance: conv_top:u_conv_top|adder_tree:u_adder_tree|in9_reg:reg_inst
 38. Parameter Settings for User Entity Instance: conv_top:u_conv_top|adder_tree:u_adder_tree|signed_adder_subtractor:adder_inst1
 39. Parameter Settings for User Entity Instance: conv_top:u_conv_top|adder_tree:u_adder_tree|signed_adder_subtractor:adder_inst2
 40. Parameter Settings for User Entity Instance: conv_top:u_conv_top|adder_tree:u_adder_tree|signed_adder_subtractor:adder_inst3
 41. Parameter Settings for User Entity Instance: conv_top:u_conv_top|adder_tree:u_adder_tree|signed_adder_subtractor:adder_inst4
 42. Parameter Settings for User Entity Instance: conv_top:u_conv_top|adder_tree:u_adder_tree|signed_adder_subtractor:adder_inst5
 43. Parameter Settings for User Entity Instance: conv_top:u_conv_top|adder_tree:u_adder_tree|signed_adder_subtractor:adder_inst6
 44. Parameter Settings for User Entity Instance: conv_top:u_conv_top|adder_tree:u_adder_tree|signed_adder_subtractor:adder_inst7
 45. Parameter Settings for User Entity Instance: conv_top:u_conv_top|adder_tree:u_adder_tree|signed_adder_subtractor:adder_inst8
 46. Parameter Settings for User Entity Instance: output_ass:u_output_ass
 47. Parameter Settings for User Entity Instance: out_if:u_out_if
 48. Parameter Settings for User Entity Instance: fr_buf:u_fr_buf
 49. Parameter Settings for User Entity Instance: vga_controller:u_vga_controller|pll:ins_pll|pll_0002:pll_inst|altera_pll:altera_pll_i
 50. Parameter Settings for Inferred Entity Instance: fr_buf:u_fr_buf|altsyncram:ram_rtl_0
 51. Parameter Settings for Inferred Entity Instance: conv_top:u_conv_top|image_bram:u_image_bram|altsyncram:image_mem_top_rtl_0
 52. Parameter Settings for Inferred Entity Instance: conv_top:u_conv_top|image_bram:u_image_bram|altsyncram:image_mem_mid_rtl_0
 53. Parameter Settings for Inferred Entity Instance: conv_top:u_conv_top|image_bram:u_image_bram|altsyncram:image_mem_bot_rtl_0
 54. Parameter Settings for Inferred Entity Instance: conv_top:u_conv_top|adder_tree:u_adder_tree|in9_reg:reg_inst|altshift_taps:shift_reg_rtl_0
 55. Parameter Settings for Inferred Entity Instance: vga_controller:u_vga_controller|lpm_divide:Div0
 56. Parameter Settings for Inferred Entity Instance: vga_controller:u_vga_controller|lpm_divide:Div1
 57. altsyncram Parameter Settings by Entity Instance
 58. altshift_taps Parameter Settings by Entity Instance
 59. Port Connectivity Checks: "conv_top:u_conv_top|adder_tree:u_adder_tree|signed_adder_subtractor:adder_inst8"
 60. Port Connectivity Checks: "conv_top:u_conv_top|adder_tree:u_adder_tree|signed_adder_subtractor:adder_inst7"
 61. Port Connectivity Checks: "conv_top:u_conv_top|adder_tree:u_adder_tree|signed_adder_subtractor:adder_inst6"
 62. Port Connectivity Checks: "conv_top:u_conv_top|adder_tree:u_adder_tree|signed_adder_subtractor:adder_inst5"
 63. Port Connectivity Checks: "conv_top:u_conv_top|adder_tree:u_adder_tree|signed_adder_subtractor:adder_inst4"
 64. Port Connectivity Checks: "conv_top:u_conv_top|adder_tree:u_adder_tree|signed_adder_subtractor:adder_inst3"
 65. Port Connectivity Checks: "conv_top:u_conv_top|adder_tree:u_adder_tree|signed_adder_subtractor:adder_inst2"
 66. Port Connectivity Checks: "conv_top:u_conv_top|adder_tree:u_adder_tree|signed_adder_subtractor:adder_inst1"
 67. Port Connectivity Checks: "conv_top:u_conv_top|mac_mult_array:u_mac|signed_multiply_with_input_and_output_registers:mult_inst9"
 68. Port Connectivity Checks: "conv_top:u_conv_top|mac_mult_array:u_mac|signed_multiply_with_input_and_output_registers:mult_inst8"
 69. Port Connectivity Checks: "conv_top:u_conv_top|mac_mult_array:u_mac|signed_multiply_with_input_and_output_registers:mult_inst7"
 70. Port Connectivity Checks: "conv_top:u_conv_top|mac_mult_array:u_mac|signed_multiply_with_input_and_output_registers:mult_inst6"
 71. Port Connectivity Checks: "conv_top:u_conv_top|mac_mult_array:u_mac|signed_multiply_with_input_and_output_registers:mult_inst5"
 72. Port Connectivity Checks: "conv_top:u_conv_top|mac_mult_array:u_mac|signed_multiply_with_input_and_output_registers:mult_inst4"
 73. Port Connectivity Checks: "conv_top:u_conv_top|mac_mult_array:u_mac|signed_multiply_with_input_and_output_registers:mult_inst3"
 74. Port Connectivity Checks: "conv_top:u_conv_top|mac_mult_array:u_mac|signed_multiply_with_input_and_output_registers:mult_inst2"
 75. Port Connectivity Checks: "conv_top:u_conv_top|mac_mult_array:u_mac|signed_multiply_with_input_and_output_registers:mult_inst1"
 76. Post-Synthesis Netlist Statistics for Top Partition
 77. Elapsed Time Per Partition
 78. Analysis & Synthesis Messages



----------------
; Legal Notice ;
----------------
Copyright (C) 2025  Altera Corporation. All rights reserved.
Your use of Altera Corporation's design tools, logic functions 
and other software and tools, and any partner logic 
functions, and any output files from any of the foregoing 
(including device programming or simulation files), and any 
associated documentation or information are expressly subject 
to the terms and conditions of the Altera Program License 
Subscription Agreement, the Altera Quartus Prime License Agreement,
the Altera IP License Agreement, or other applicable license
agreement, including, without limitation, that your use is for
the sole purpose of programming logic devices manufactured by
Altera and sold by Altera or its authorized distributors.  Please
refer to the Altera Software License Subscription Agreements 
on the Quartus Prime software download page.



+-----------------------------------------------------------------------------------+
; Analysis & Synthesis Summary                                                      ;
+---------------------------------+-------------------------------------------------+
; Analysis & Synthesis Status     ; Successful - Wed Sep  9 10:16:30 2026           ;
; Quartus Prime Version           ; 25.1std.0 Build 1129 10/21/2025 SC Lite Edition ;
; Revision Name                   ; 2d_conv                                         ;
; Top-level Entity Name           ; system_top                                      ;
; Family                          ; Cyclone V                                       ;
; Logic utilization (in ALMs)     ; N/A                                             ;
; Total registers                 ; 525                                             ;
; Total pins                      ; 35                                              ;
; Total virtual pins              ; 0                                               ;
; Total block memory bits         ; 8,240                                           ;
; Total DSP Blocks                ; 5                                               ;
; Total HSSI RX PCSs              ; 0                                               ;
; Total HSSI PMA RX Deserializers ; 0                                               ;
; Total HSSI TX PCSs              ; 0                                               ;
; Total HSSI PMA TX Serializers   ; 0                                               ;
; Total PLLs                      ; 1                                               ;
; Total DLLs                      ; 0                                               ;
+---------------------------------+-------------------------------------------------+


+---------------------------------------------------------------------------------------------------------------------------+
; Analysis & Synthesis Settings                                                                                             ;
+---------------------------------------------------------------------------------+--------------------+--------------------+
; Option                                                                          ; Setting            ; Default Value      ;
+---------------------------------------------------------------------------------+--------------------+--------------------+
; Device                                                                          ; 5CSXFC6D6F31C6     ;                    ;
; Top-level entity name                                                           ; system_top         ; 2d_conv            ;
; Family name                                                                     ; Cyclone V          ; Cyclone V          ;
; Use smart compilation                                                           ; Off                ; Off                ;
; Enable parallel Assembler and Timing Analyzer during compilation                ; On                 ; On                 ;
; Enable compact report table                                                     ; Off                ; Off                ;
; Restructure Multiplexers                                                        ; Auto               ; Auto               ;
; MLAB Add Timing Constraints For Mixed-Port Feed-Through Mode Setting Don't Care ; Off                ; Off                ;
; Create Debugging Nodes for IP Cores                                             ; Off                ; Off                ;
; Preserve fewer node names                                                       ; On                 ; On                 ;
; Intel FPGA IP Evaluation Mode                                                   ; Enable             ; Enable             ;
; Verilog Version                                                                 ; Verilog_2001       ; Verilog_2001       ;
; VHDL Version                                                                    ; VHDL_1993          ; VHDL_1993          ;
; State Machine Processing                                                        ; Auto               ; Auto               ;
; Safe State Machine                                                              ; Off                ; Off                ;
; Extract Verilog State Machines                                                  ; On                 ; On                 ;
; Extract VHDL State Machines                                                     ; On                 ; On                 ;
; Ignore Verilog initial constructs                                               ; Off                ; Off                ;
; Iteration limit for constant Verilog loops                                      ; 5000               ; 5000               ;
; Iteration limit for non-constant Verilog loops                                  ; 250                ; 250                ;
; Add Pass-Through Logic to Inferred RAMs                                         ; On                 ; On                 ;
; Infer RAMs from Raw Logic                                                       ; On                 ; On                 ;
; Parallel Synthesis                                                              ; On                 ; On                 ;
; DSP Block Balancing                                                             ; Auto               ; Auto               ;
; NOT Gate Push-Back                                                              ; On                 ; On                 ;
; Power-Up Don't Care                                                             ; On                 ; On                 ;
; Remove Redundant Logic Cells                                                    ; Off                ; Off                ;
; Remove Duplicate Registers                                                      ; On                 ; On                 ;
; Ignore CARRY Buffers                                                            ; Off                ; Off                ;
; Ignore CASCADE Buffers                                                          ; Off                ; Off                ;
; Ignore GLOBAL Buffers                                                           ; Off                ; Off                ;
; Ignore ROW GLOBAL Buffers                                                       ; Off                ; Off                ;
; Ignore LCELL Buffers                                                            ; Off                ; Off                ;
; Ignore SOFT Buffers                                                             ; On                 ; On                 ;
; Limit AHDL Integers to 32 Bits                                                  ; Off                ; Off                ;
; Optimization Technique                                                          ; Balanced           ; Balanced           ;
; Carry Chain Length                                                              ; 70                 ; 70                 ;
; Auto Carry Chains                                                               ; On                 ; On                 ;
; Auto Open-Drain Pins                                                            ; On                 ; On                 ;
; Perform WYSIWYG Primitive Resynthesis                                           ; Off                ; Off                ;
; Auto ROM Replacement                                                            ; On                 ; On                 ;
; Auto RAM Replacement                                                            ; On                 ; On                 ;
; Auto DSP Block Replacement                                                      ; On                 ; On                 ;
; Auto Shift Register Replacement                                                 ; Auto               ; Auto               ;
; Allow Shift Register Merging across Hierarchies                                 ; Auto               ; Auto               ;
; Auto Clock Enable Replacement                                                   ; On                 ; On                 ;
; Strict RAM Replacement                                                          ; Off                ; Off                ;
; Allow Synchronous Control Signals                                               ; On                 ; On                 ;
; Force Use of Synchronous Clear Signals                                          ; Off                ; Off                ;
; Auto Resource Sharing                                                           ; Off                ; Off                ;
; Allow Any RAM Size For Recognition                                              ; Off                ; Off                ;
; Allow Any ROM Size For Recognition                                              ; Off                ; Off                ;
; Allow Any Shift Register Size For Recognition                                   ; Off                ; Off                ;
; Use LogicLock Constraints during Resource Balancing                             ; On                 ; On                 ;
; Ignore translate_off and synthesis_off directives                               ; Off                ; Off                ;
; Timing-Driven Synthesis                                                         ; On                 ; On                 ;
; Report Parameter Settings                                                       ; On                 ; On                 ;
; Report Source Assignments                                                       ; On                 ; On                 ;
; Report Connectivity Checks                                                      ; On                 ; On                 ;
; Ignore Maximum Fan-Out Assignments                                              ; Off                ; Off                ;
; Synchronization Register Chain Length                                           ; 3                  ; 3                  ;
; Power Optimization During Synthesis                                             ; Normal compilation ; Normal compilation ;
; HDL message level                                                               ; Level2             ; Level2             ;
; Suppress Register Optimization Related Messages                                 ; Off                ; Off                ;
; Number of Removed Registers Reported in Synthesis Report                        ; 5000               ; 5000               ;
; Number of Swept Nodes Reported in Synthesis Report                              ; 5000               ; 5000               ;
; Number of Inverted Registers Reported in Synthesis Report                       ; 100                ; 100                ;
; Clock MUX Protection                                                            ; On                 ; On                 ;
; Auto Gated Clock Conversion                                                     ; Off                ; Off                ;
; Block Design Naming                                                             ; Auto               ; Auto               ;
; SDC constraint protection                                                       ; Off                ; Off                ;
; Synthesis Effort                                                                ; Auto               ; Auto               ;
; Shift Register Replacement - Allow Asynchronous Clear Signal                    ; On                 ; On                 ;
; Pre-Mapping Resynthesis Optimization                                            ; Off                ; Off                ;
; Analysis & Synthesis Message Level                                              ; Medium             ; Medium             ;
; Disable Register Merging Across Hierarchies                                     ; Auto               ; Auto               ;
; Resource Aware Inference For Block RAM                                          ; On                 ; On                 ;
; Automatic Parallel Synthesis                                                    ; On                 ; On                 ;
; Partial Reconfiguration Bitstream ID                                            ; Off                ; Off                ;
+---------------------------------------------------------------------------------+--------------------+--------------------+


+------------------------------------------+
; Parallel Compilation                     ;
+----------------------------+-------------+
; Processors                 ; Number      ;
+----------------------------+-------------+
; Number detected on machine ; 16          ;
; Maximum allowed            ; 10          ;
;                            ;             ;
; Average used               ; 1.00        ;
; Maximum used               ; 10          ;
;                            ;             ;
; Usage by Processor         ; % Time Used ;
;     Processor 1            ; 100.0%      ;
;     Processor 2            ;   0.0%      ;
;     Processor 3            ;   0.0%      ;
;     Processor 4            ;   0.0%      ;
;     Processor 5            ;   0.0%      ;
;     Processor 6            ;   0.0%      ;
;     Processor 7            ;   0.0%      ;
;     Processor 8            ;   0.0%      ;
;     Processors 9-10        ;   0.0%      ;
+----------------------------+-------------+


+-------------------------------------------------------------------------------------------------------------------------------------------------------------------------------------------------------------------------------------+
; Analysis & Synthesis Source Files Read                                                                                                                                                                                              ;
+-------------------------------------------------------+-----------------+-------------------------------------------------------+-----------------------------------------------------------------------------------------+---------+
; File Name with User-Entered Path                      ; Used in Netlist ; File Type                                             ; File Name with Absolute Path                                                            ; Library ;
+-------------------------------------------------------+-----------------+-------------------------------------------------------+-----------------------------------------------------------------------------------------+---------+
; ../rtl/pll.v                                          ; yes             ; User Wizard-Generated File                            ; G:/nti/2d_conv_project/rtl/pll.v                                                        ;         ;
; ../rtl/pll/pll_0002.v                                 ; yes             ; User Verilog HDL File                                 ; G:/nti/2d_conv_project/rtl/pll/pll_0002.v                                               ;         ;
; mem_files/outline.mem                                 ; yes             ; User Unspecified File                                 ; G:/nti/2d_conv_project/New folder/mem_files/outline.mem                                 ;         ;
; mem_files/image.mem                                   ; yes             ; User Unspecified File                                 ; G:/nti/2d_conv_project/New folder/mem_files/image.mem                                   ;         ;
; mem_files/identify.mem                                ; yes             ; User Unspecified File                                 ; G:/nti/2d_conv_project/New folder/mem_files/identify.mem                                ;         ;
; mem_files/emboss.mem                                  ; yes             ; User Unspecified File                                 ; G:/nti/2d_conv_project/New folder/mem_files/emboss.mem                                  ;         ;
; mem_files/dual_port_ram.mem                           ; yes             ; User Unspecified File                                 ; G:/nti/2d_conv_project/New folder/mem_files/dual_port_ram.mem                           ;         ;
; mem_files/bottom_sobel.mem                            ; yes             ; User Unspecified File                                 ; G:/nti/2d_conv_project/New folder/mem_files/bottom_sobel.mem                            ;         ;
; rtl/window_gen.v                                      ; yes             ; User Verilog HDL File                                 ; G:/nti/2d_conv_project/New folder/rtl/window_gen.v                                      ;         ;
; rtl/vga_controller.v                                  ; yes             ; User Verilog HDL File                                 ; G:/nti/2d_conv_project/New folder/rtl/vga_controller.v                                  ;         ;
; rtl/system_top.v                                      ; yes             ; User Verilog HDL File                                 ; G:/nti/2d_conv_project/New folder/rtl/system_top.v                                      ;         ;
; rtl/signed_multiply_with_input_and_output_registers.v ; yes             ; User Verilog HDL File                                 ; G:/nti/2d_conv_project/New folder/rtl/signed_multiply_with_input_and_output_registers.v ;         ;
; rtl/signed_adder_subtractor.v                         ; yes             ; User Verilog HDL File                                 ; G:/nti/2d_conv_project/New folder/rtl/signed_adder_subtractor.v                         ;         ;
; rtl/output_if.v                                       ; yes             ; User Verilog HDL File                                 ; G:/nti/2d_conv_project/New folder/rtl/output_if.v                                       ;         ;
; rtl/output_assembly.v                                 ; yes             ; User Verilog HDL File                                 ; G:/nti/2d_conv_project/New folder/rtl/output_assembly.v                                 ;         ;
; rtl/mac_mult_array.v                                  ; yes             ; User Verilog HDL File                                 ; G:/nti/2d_conv_project/New folder/rtl/mac_mult_array.v                                  ;         ;
; rtl/kernel_regs.v                                     ; yes             ; User Verilog HDL File                                 ; G:/nti/2d_conv_project/New folder/rtl/kernel_regs.v                                     ;         ;
; rtl/in9_reg.v                                         ; yes             ; User Verilog HDL File                                 ; G:/nti/2d_conv_project/New folder/rtl/in9_reg.v                                         ;         ;
; rtl/image_bram.v                                      ; yes             ; User Verilog HDL File                                 ; G:/nti/2d_conv_project/New folder/rtl/image_bram.v                                      ;         ;
; rtl/frame_buffer.v                                    ; yes             ; User Verilog HDL File                                 ; G:/nti/2d_conv_project/New folder/rtl/frame_buffer.v                                    ;         ;
; rtl/conv_top.v                                        ; yes             ; User Verilog HDL File                                 ; G:/nti/2d_conv_project/New folder/rtl/conv_top.v                                        ;         ;
; rtl/addr_gen.v                                        ; yes             ; User Verilog HDL File                                 ; G:/nti/2d_conv_project/New folder/rtl/addr_gen.v                                        ;         ;
; rtl/adder_tree.v                                      ; yes             ; User Verilog HDL File                                 ; G:/nti/2d_conv_project/New folder/rtl/adder_tree.v                                      ;         ;
; altera_pll.v                                          ; yes             ; Megafunction                                          ; d:/prime/quartus/libraries/megafunctions/altera_pll.v                                   ;         ;
; altsyncram.tdf                                        ; yes             ; Megafunction                                          ; d:/prime/quartus/libraries/megafunctions/altsyncram.tdf                                 ;         ;
; stratix_ram_block.inc                                 ; yes             ; Megafunction                                          ; d:/prime/quartus/libraries/megafunctions/stratix_ram_block.inc                          ;         ;
; lpm_mux.inc                                           ; yes             ; Megafunction                                          ; d:/prime/quartus/libraries/megafunctions/lpm_mux.inc                                    ;         ;
; lpm_decode.inc                                        ; yes             ; Megafunction                                          ; d:/prime/quartus/libraries/megafunctions/lpm_decode.inc                                 ;         ;
; aglobal251.inc                                        ; yes             ; Megafunction                                          ; d:/prime/quartus/libraries/megafunctions/aglobal251.inc                                 ;         ;
; a_rdenreg.inc                                         ; yes             ; Megafunction                                          ; d:/prime/quartus/libraries/megafunctions/a_rdenreg.inc                                  ;         ;
; altrom.inc                                            ; yes             ; Megafunction                                          ; d:/prime/quartus/libraries/megafunctions/altrom.inc                                     ;         ;
; altram.inc                                            ; yes             ; Megafunction                                          ; d:/prime/quartus/libraries/megafunctions/altram.inc                                     ;         ;
; altdpram.inc                                          ; yes             ; Megafunction                                          ; d:/prime/quartus/libraries/megafunctions/altdpram.inc                                   ;         ;
; db/altsyncram_hjn1.tdf                                ; yes             ; Auto-Generated Megafunction                           ; G:/nti/2d_conv_project/New folder/db/altsyncram_hjn1.tdf                                ;         ;
; db/2d_conv.ram0_fr_buf_a78ea25.hdl.mif                ; yes             ; Auto-Generated Auto-Found Memory Initialization File  ; G:/nti/2d_conv_project/New folder/db/2d_conv.ram0_fr_buf_a78ea25.hdl.mif                ;         ;
; db/altsyncram_37f1.tdf                                ; yes             ; Auto-Generated Megafunction                           ; G:/nti/2d_conv_project/New folder/db/altsyncram_37f1.tdf                                ;         ;
; db/2d_conv.ram0_image_bram_1da70156.hdl.mif           ; yes             ; Auto-Generated Auto-Found Memory Initialization File  ; G:/nti/2d_conv_project/New folder/db/2d_conv.ram0_image_bram_1da70156.hdl.mif           ;         ;
; db/altsyncram_47f1.tdf                                ; yes             ; Auto-Generated Megafunction                           ; G:/nti/2d_conv_project/New folder/db/altsyncram_47f1.tdf                                ;         ;
; db/2d_conv.ram1_image_bram_1da70156.hdl.mif           ; yes             ; Auto-Generated Auto-Found Memory Initialization File  ; G:/nti/2d_conv_project/New folder/db/2d_conv.ram1_image_bram_1da70156.hdl.mif           ;         ;
; db/altsyncram_57f1.tdf                                ; yes             ; Auto-Generated Megafunction                           ; G:/nti/2d_conv_project/New folder/db/altsyncram_57f1.tdf                                ;         ;
; db/2d_conv.ram2_image_bram_1da70156.hdl.mif           ; yes             ; Auto-Generated Auto-Found Memory Initialization File  ; G:/nti/2d_conv_project/New folder/db/2d_conv.ram2_image_bram_1da70156.hdl.mif           ;         ;
; altshift_taps.tdf                                     ; yes             ; Megafunction                                          ; d:/prime/quartus/libraries/megafunctions/altshift_taps.tdf                              ;         ;
; lpm_counter.inc                                       ; yes             ; Megafunction                                          ; d:/prime/quartus/libraries/megafunctions/lpm_counter.inc                                ;         ;
; lpm_compare.inc                                       ; yes             ; Megafunction                                          ; d:/prime/quartus/libraries/megafunctions/lpm_compare.inc                                ;         ;
; lpm_constant.inc                                      ; yes             ; Megafunction                                          ; d:/prime/quartus/libraries/megafunctions/lpm_constant.inc                               ;         ;
; db/shift_taps_vcv.tdf                                 ; yes             ; Auto-Generated Megafunction                           ; G:/nti/2d_conv_project/New folder/db/shift_taps_vcv.tdf                                 ;         ;
; db/altsyncram_hfc1.tdf                                ; yes             ; Auto-Generated Megafunction                           ; G:/nti/2d_conv_project/New folder/db/altsyncram_hfc1.tdf                                ;         ;
; db/cntr_ohf.tdf                                       ; yes             ; Auto-Generated Megafunction                           ; G:/nti/2d_conv_project/New folder/db/cntr_ohf.tdf                                       ;         ;
; db/cmpr_a9c.tdf                                       ; yes             ; Auto-Generated Megafunction                           ; G:/nti/2d_conv_project/New folder/db/cmpr_a9c.tdf                                       ;         ;
; db/cntr_b1h.tdf                                       ; yes             ; Auto-Generated Megafunction                           ; G:/nti/2d_conv_project/New folder/db/cntr_b1h.tdf                                       ;         ;
; lpm_divide.tdf                                        ; yes             ; Megafunction                                          ; d:/prime/quartus/libraries/megafunctions/lpm_divide.tdf                                 ;         ;
; abs_divider.inc                                       ; yes             ; Megafunction                                          ; d:/prime/quartus/libraries/megafunctions/abs_divider.inc                                ;         ;
; sign_div_unsign.inc                                   ; yes             ; Megafunction                                          ; d:/prime/quartus/libraries/megafunctions/sign_div_unsign.inc                            ;         ;
; db/lpm_divide_fbm.tdf                                 ; yes             ; Auto-Generated Megafunction                           ; G:/nti/2d_conv_project/New folder/db/lpm_divide_fbm.tdf                                 ;         ;
; db/sign_div_unsign_llh.tdf                            ; yes             ; Auto-Generated Megafunction                           ; G:/nti/2d_conv_project/New folder/db/sign_div_unsign_llh.tdf                            ;         ;
; db/alt_u_div_gve.tdf                                  ; yes             ; Auto-Generated Megafunction                           ; G:/nti/2d_conv_project/New folder/db/alt_u_div_gve.tdf                                  ;         ;
+-------------------------------------------------------+-----------------+-------------------------------------------------------+-----------------------------------------------------------------------------------------+---------+


+---------------------------------------------------------+
; Analysis & Synthesis Resource Usage Summary             ;
+---------------------------------------------+-----------+
; Resource                                    ; Usage     ;
+---------------------------------------------+-----------+
; Estimate of Logic utilization (ALMs needed) ; 313       ;
;                                             ;           ;
; Combinational ALUT usage for logic          ; 390       ;
;     -- 7 input functions                    ; 0         ;
;     -- 6 input functions                    ; 18        ;
;     -- 5 input functions                    ; 25        ;
;     -- 4 input functions                    ; 43        ;
;     -- <=3 input functions                  ; 304       ;
;                                             ;           ;
; Dedicated logic registers                   ; 525       ;
;                                             ;           ;
; I/O pins                                    ; 35        ;
; Total MLAB memory bits                      ; 0         ;
; Total block memory bits                     ; 8240      ;
;                                             ;           ;
; Total DSP Blocks                            ; 5         ;
;                                             ;           ;
; Total PLLs                                  ; 1         ;
;     -- PLLs                                 ; 1         ;
;                                             ;           ;
; Maximum fan-out node                        ; clk~input ;
; Maximum fan-out                             ; 546       ;
; Total fan-out                               ; 3205      ;
; Average fan-out                             ; 3.08      ;
+---------------------------------------------+-----------+


+--------------------------------------------------------------------------------------------------------------------------------------------------------------------------------------------------------------------------------------------------------------------------------------------------------------------------------------------------------------------------------------------------------------------+
; Analysis & Synthesis Resource Utilization by Entity                                                                                                                                                                                                                                                                                                                                                                ;
+-----------------------------------------------------------------------+---------------------+---------------------------+-------------------+------------+------+--------------+------------------------------------------------------------------------------------------------------------------------------------------------------------------+-------------------------------------------------+--------------+
; Compilation Hierarchy Node                                            ; Combinational ALUTs ; Dedicated Logic Registers ; Block Memory Bits ; DSP Blocks ; Pins ; Virtual Pins ; Full Hierarchy Name                                                                                                                                              ; Entity Name                                     ; Library Name ;
+-----------------------------------------------------------------------+---------------------+---------------------------+-------------------+------------+------+--------------+------------------------------------------------------------------------------------------------------------------------------------------------------------------+-------------------------------------------------+--------------+
; |system_top                                                           ; 390 (0)             ; 525 (0)                   ; 8240              ; 5          ; 35   ; 0            ; |system_top                                                                                                                                                      ; system_top                                      ; work         ;
;    |conv_top:u_conv_top|                                              ; 119 (0)             ; 480 (0)                   ; 6192              ; 5          ; 0    ; 0            ; |system_top|conv_top:u_conv_top                                                                                                                                  ; conv_top                                        ; work         ;
;       |adder_tree:u_adder_tree|                                       ; 90 (0)              ; 265 (36)                  ; 48                ; 4          ; 0    ; 0            ; |system_top|conv_top:u_conv_top|adder_tree:u_adder_tree                                                                                                          ; adder_tree                                      ; work         ;
;          |in9_reg:reg_inst|                                           ; 11 (0)              ; 6 (0)                     ; 48                ; 0          ; 0    ; 0            ; |system_top|conv_top:u_conv_top|adder_tree:u_adder_tree|in9_reg:reg_inst                                                                                         ; in9_reg                                         ; work         ;
;             |altshift_taps:shift_reg_rtl_0|                           ; 11 (0)              ; 6 (0)                     ; 48                ; 0          ; 0    ; 0            ; |system_top|conv_top:u_conv_top|adder_tree:u_adder_tree|in9_reg:reg_inst|altshift_taps:shift_reg_rtl_0                                                           ; altshift_taps                                   ; work         ;
;                |shift_taps_vcv:auto_generated|                        ; 11 (3)              ; 6 (3)                     ; 48                ; 0          ; 0    ; 0            ; |system_top|conv_top:u_conv_top|adder_tree:u_adder_tree|in9_reg:reg_inst|altshift_taps:shift_reg_rtl_0|shift_taps_vcv:auto_generated                             ; shift_taps_vcv                                  ; work         ;
;                   |altsyncram_hfc1:altsyncram4|                       ; 0 (0)               ; 0 (0)                     ; 48                ; 0          ; 0    ; 0            ; |system_top|conv_top:u_conv_top|adder_tree:u_adder_tree|in9_reg:reg_inst|altshift_taps:shift_reg_rtl_0|shift_taps_vcv:auto_generated|altsyncram_hfc1:altsyncram4 ; altsyncram_hfc1                                 ; work         ;
;                   |cntr_b1h:cntr5|                                    ; 3 (3)               ; 1 (1)                     ; 0                 ; 0          ; 0    ; 0            ; |system_top|conv_top:u_conv_top|adder_tree:u_adder_tree|in9_reg:reg_inst|altshift_taps:shift_reg_rtl_0|shift_taps_vcv:auto_generated|cntr_b1h:cntr5              ; cntr_b1h                                        ; work         ;
;                   |cntr_ohf:cntr1|                                    ; 5 (5)               ; 2 (2)                     ; 0                 ; 0          ; 0    ; 0            ; |system_top|conv_top:u_conv_top|adder_tree:u_adder_tree|in9_reg:reg_inst|altshift_taps:shift_reg_rtl_0|shift_taps_vcv:auto_generated|cntr_ohf:cntr1              ; cntr_ohf                                        ; work         ;
;          |signed_adder_subtractor:adder_inst1|                        ; 0 (0)               ; 36 (36)                   ; 0                 ; 1          ; 0    ; 0            ; |system_top|conv_top:u_conv_top|adder_tree:u_adder_tree|signed_adder_subtractor:adder_inst1                                                                      ; signed_adder_subtractor                         ; work         ;
;          |signed_adder_subtractor:adder_inst2|                        ; 0 (0)               ; 36 (36)                   ; 0                 ; 1          ; 0    ; 0            ; |system_top|conv_top:u_conv_top|adder_tree:u_adder_tree|signed_adder_subtractor:adder_inst2                                                                      ; signed_adder_subtractor                         ; work         ;
;          |signed_adder_subtractor:adder_inst3|                        ; 0 (0)               ; 36 (36)                   ; 0                 ; 1          ; 0    ; 0            ; |system_top|conv_top:u_conv_top|adder_tree:u_adder_tree|signed_adder_subtractor:adder_inst3                                                                      ; signed_adder_subtractor                         ; work         ;
;          |signed_adder_subtractor:adder_inst4|                        ; 0 (0)               ; 36 (36)                   ; 0                 ; 1          ; 0    ; 0            ; |system_top|conv_top:u_conv_top|adder_tree:u_adder_tree|signed_adder_subtractor:adder_inst4                                                                      ; signed_adder_subtractor                         ; work         ;
;          |signed_adder_subtractor:adder_inst5|                        ; 19 (19)             ; 19 (19)                   ; 0                 ; 0          ; 0    ; 0            ; |system_top|conv_top:u_conv_top|adder_tree:u_adder_tree|signed_adder_subtractor:adder_inst5                                                                      ; signed_adder_subtractor                         ; work         ;
;          |signed_adder_subtractor:adder_inst6|                        ; 19 (19)             ; 19 (19)                   ; 0                 ; 0          ; 0    ; 0            ; |system_top|conv_top:u_conv_top|adder_tree:u_adder_tree|signed_adder_subtractor:adder_inst6                                                                      ; signed_adder_subtractor                         ; work         ;
;          |signed_adder_subtractor:adder_inst7|                        ; 20 (20)             ; 20 (20)                   ; 0                 ; 0          ; 0    ; 0            ; |system_top|conv_top:u_conv_top|adder_tree:u_adder_tree|signed_adder_subtractor:adder_inst7                                                                      ; signed_adder_subtractor                         ; work         ;
;          |signed_adder_subtractor:adder_inst8|                        ; 21 (21)             ; 21 (21)                   ; 0                 ; 0          ; 0    ; 0            ; |system_top|conv_top:u_conv_top|adder_tree:u_adder_tree|signed_adder_subtractor:adder_inst8                                                                      ; signed_adder_subtractor                         ; work         ;
;       |addr_gen:u_addr_gen|                                           ; 16 (16)             ; 9 (9)                     ; 0                 ; 0          ; 0    ; 0            ; |system_top|conv_top:u_conv_top|addr_gen:u_addr_gen                                                                                                              ; addr_gen                                        ; work         ;
;       |image_bram:u_image_bram|                                       ; 0 (0)               ; 0 (0)                     ; 6144              ; 0          ; 0    ; 0            ; |system_top|conv_top:u_conv_top|image_bram:u_image_bram                                                                                                          ; image_bram                                      ; work         ;
;          |altsyncram:image_mem_bot_rtl_0|                             ; 0 (0)               ; 0 (0)                     ; 2048              ; 0          ; 0    ; 0            ; |system_top|conv_top:u_conv_top|image_bram:u_image_bram|altsyncram:image_mem_bot_rtl_0                                                                           ; altsyncram                                      ; work         ;
;             |altsyncram_57f1:auto_generated|                          ; 0 (0)               ; 0 (0)                     ; 2048              ; 0          ; 0    ; 0            ; |system_top|conv_top:u_conv_top|image_bram:u_image_bram|altsyncram:image_mem_bot_rtl_0|altsyncram_57f1:auto_generated                                            ; altsyncram_57f1                                 ; work         ;
;          |altsyncram:image_mem_mid_rtl_0|                             ; 0 (0)               ; 0 (0)                     ; 2048              ; 0          ; 0    ; 0            ; |system_top|conv_top:u_conv_top|image_bram:u_image_bram|altsyncram:image_mem_mid_rtl_0                                                                           ; altsyncram                                      ; work         ;
;             |altsyncram_47f1:auto_generated|                          ; 0 (0)               ; 0 (0)                     ; 2048              ; 0          ; 0    ; 0            ; |system_top|conv_top:u_conv_top|image_bram:u_image_bram|altsyncram:image_mem_mid_rtl_0|altsyncram_47f1:auto_generated                                            ; altsyncram_47f1                                 ; work         ;
;          |altsyncram:image_mem_top_rtl_0|                             ; 0 (0)               ; 0 (0)                     ; 2048              ; 0          ; 0    ; 0            ; |system_top|conv_top:u_conv_top|image_bram:u_image_bram|altsyncram:image_mem_top_rtl_0                                                                           ; altsyncram                                      ; work         ;
;             |altsyncram_37f1:auto_generated|                          ; 0 (0)               ; 0 (0)                     ; 2048              ; 0          ; 0    ; 0            ; |system_top|conv_top:u_conv_top|image_bram:u_image_bram|altsyncram:image_mem_top_rtl_0|altsyncram_37f1:auto_generated                                            ; altsyncram_37f1                                 ; work         ;
;       |k_regs:u_k_regs|                                               ; 5 (5)               ; 5 (5)                     ; 0                 ; 0          ; 0    ; 0            ; |system_top|conv_top:u_conv_top|k_regs:u_k_regs                                                                                                                  ; k_regs                                          ; work         ;
;       |mac_mult_array:u_mac|                                          ; 2 (2)               ; 111 (18)                  ; 0                 ; 1          ; 0    ; 0            ; |system_top|conv_top:u_conv_top|mac_mult_array:u_mac                                                                                                             ; mac_mult_array                                  ; work         ;
;          |signed_multiply_with_input_and_output_registers:mult_inst1| ; 0 (0)               ; 10 (10)                   ; 0                 ; 0          ; 0    ; 0            ; |system_top|conv_top:u_conv_top|mac_mult_array:u_mac|signed_multiply_with_input_and_output_registers:mult_inst1                                                  ; signed_multiply_with_input_and_output_registers ; work         ;
;          |signed_multiply_with_input_and_output_registers:mult_inst2| ; 0 (0)               ; 9 (9)                     ; 0                 ; 0          ; 0    ; 0            ; |system_top|conv_top:u_conv_top|mac_mult_array:u_mac|signed_multiply_with_input_and_output_registers:mult_inst2                                                  ; signed_multiply_with_input_and_output_registers ; work         ;
;          |signed_multiply_with_input_and_output_registers:mult_inst3| ; 0 (0)               ; 8 (8)                     ; 0                 ; 0          ; 0    ; 0            ; |system_top|conv_top:u_conv_top|mac_mult_array:u_mac|signed_multiply_with_input_and_output_registers:mult_inst3                                                  ; signed_multiply_with_input_and_output_registers ; work         ;
;          |signed_multiply_with_input_and_output_registers:mult_inst4| ; 0 (0)               ; 8 (8)                     ; 0                 ; 0          ; 0    ; 0            ; |system_top|conv_top:u_conv_top|mac_mult_array:u_mac|signed_multiply_with_input_and_output_registers:mult_inst4                                                  ; signed_multiply_with_input_and_output_registers ; work         ;
;          |signed_multiply_with_input_and_output_registers:mult_inst5| ; 0 (0)               ; 10 (10)                   ; 0                 ; 0          ; 0    ; 0            ; |system_top|conv_top:u_conv_top|mac_mult_array:u_mac|signed_multiply_with_input_and_output_registers:mult_inst5                                                  ; signed_multiply_with_input_and_output_registers ; work         ;
;          |signed_multiply_with_input_and_output_registers:mult_inst6| ; 0 (0)               ; 8 (8)                     ; 0                 ; 0          ; 0    ; 0            ; |system_top|conv_top:u_conv_top|mac_mult_array:u_mac|signed_multiply_with_input_and_output_registers:mult_inst6                                                  ; signed_multiply_with_input_and_output_registers ; work         ;
;          |signed_multiply_with_input_and_output_registers:mult_inst7| ; 0 (0)               ; 8 (8)                     ; 0                 ; 0          ; 0    ; 0            ; |system_top|conv_top:u_conv_top|mac_mult_array:u_mac|signed_multiply_with_input_and_output_registers:mult_inst7                                                  ; signed_multiply_with_input_and_output_registers ; work         ;
;          |signed_multiply_with_input_and_output_registers:mult_inst8| ; 0 (0)               ; 8 (8)                     ; 0                 ; 0          ; 0    ; 0            ; |system_top|conv_top:u_conv_top|mac_mult_array:u_mac|signed_multiply_with_input_and_output_registers:mult_inst8                                                  ; signed_multiply_with_input_and_output_registers ; work         ;
;          |signed_multiply_with_input_and_output_registers:mult_inst9| ; 0 (0)               ; 24 (24)                   ; 0                 ; 1          ; 0    ; 0            ; |system_top|conv_top:u_conv_top|mac_mult_array:u_mac|signed_multiply_with_input_and_output_registers:mult_inst9                                                  ; signed_multiply_with_input_and_output_registers ; work         ;
;       |window_gen:u_window_gen|                                       ; 6 (6)               ; 90 (90)                   ; 0                 ; 0          ; 0    ; 0            ; |system_top|conv_top:u_conv_top|window_gen:u_window_gen                                                                                                          ; window_gen                                      ; work         ;
;    |fr_buf:u_fr_buf|                                                  ; 0 (0)               ; 0 (0)                     ; 2048              ; 0          ; 0    ; 0            ; |system_top|fr_buf:u_fr_buf                                                                                                                                      ; fr_buf                                          ; work         ;
;       |altsyncram:ram_rtl_0|                                          ; 0 (0)               ; 0 (0)                     ; 2048              ; 0          ; 0    ; 0            ; |system_top|fr_buf:u_fr_buf|altsyncram:ram_rtl_0                                                                                                                 ; altsyncram                                      ; work         ;
;          |altsyncram_hjn1:auto_generated|                             ; 0 (0)               ; 0 (0)                     ; 2048              ; 0          ; 0    ; 0            ; |system_top|fr_buf:u_fr_buf|altsyncram:ram_rtl_0|altsyncram_hjn1:auto_generated                                                                                  ; altsyncram_hjn1                                 ; work         ;
;    |out_if:u_out_if|                                                  ; 17 (17)             ; 0 (0)                     ; 0                 ; 0          ; 0    ; 0            ; |system_top|out_if:u_out_if                                                                                                                                      ; out_if                                          ; work         ;
;    |output_ass:u_output_ass|                                          ; 21 (21)             ; 17 (17)                   ; 0                 ; 0          ; 0    ; 0            ; |system_top|output_ass:u_output_ass                                                                                                                              ; output_ass                                      ; work         ;
;    |vga_controller:u_vga_controller|                                  ; 233 (89)            ; 28 (28)                   ; 0                 ; 0          ; 0    ; 0            ; |system_top|vga_controller:u_vga_controller                                                                                                                      ; vga_controller                                  ; work         ;
;       |lpm_divide:Div0|                                               ; 72 (0)              ; 0 (0)                     ; 0                 ; 0          ; 0    ; 0            ; |system_top|vga_controller:u_vga_controller|lpm_divide:Div0                                                                                                      ; lpm_divide                                      ; work         ;
;          |lpm_divide_fbm:auto_generated|                              ; 72 (0)              ; 0 (0)                     ; 0                 ; 0          ; 0    ; 0            ; |system_top|vga_controller:u_vga_controller|lpm_divide:Div0|lpm_divide_fbm:auto_generated                                                                        ; lpm_divide_fbm                                  ; work         ;
;             |sign_div_unsign_llh:divider|                             ; 72 (0)              ; 0 (0)                     ; 0                 ; 0          ; 0    ; 0            ; |system_top|vga_controller:u_vga_controller|lpm_divide:Div0|lpm_divide_fbm:auto_generated|sign_div_unsign_llh:divider                                            ; sign_div_unsign_llh                             ; work         ;
;                |alt_u_div_gve:divider|                                ; 72 (72)             ; 0 (0)                     ; 0                 ; 0          ; 0    ; 0            ; |system_top|vga_controller:u_vga_controller|lpm_divide:Div0|lpm_divide_fbm:auto_generated|sign_div_unsign_llh:divider|alt_u_div_gve:divider                      ; alt_u_div_gve                                   ; work         ;
;       |lpm_divide:Div1|                                               ; 72 (0)              ; 0 (0)                     ; 0                 ; 0          ; 0    ; 0            ; |system_top|vga_controller:u_vga_controller|lpm_divide:Div1                                                                                                      ; lpm_divide                                      ; work         ;
;          |lpm_divide_fbm:auto_generated|                              ; 72 (0)              ; 0 (0)                     ; 0                 ; 0          ; 0    ; 0            ; |system_top|vga_controller:u_vga_controller|lpm_divide:Div1|lpm_divide_fbm:auto_generated                                                                        ; lpm_divide_fbm                                  ; work         ;
;             |sign_div_unsign_llh:divider|                             ; 72 (0)              ; 0 (0)                     ; 0                 ; 0          ; 0    ; 0            ; |system_top|vga_controller:u_vga_controller|lpm_divide:Div1|lpm_divide_fbm:auto_generated|sign_div_unsign_llh:divider                                            ; sign_div_unsign_llh                             ; work         ;
;                |alt_u_div_gve:divider|                                ; 72 (72)             ; 0 (0)                     ; 0                 ; 0          ; 0    ; 0            ; |system_top|vga_controller:u_vga_controller|lpm_divide:Div1|lpm_divide_fbm:auto_generated|sign_div_unsign_llh:divider|alt_u_div_gve:divider                      ; alt_u_div_gve                                   ; work         ;
;       |pll:ins_pll|                                                   ; 0 (0)               ; 0 (0)                     ; 0                 ; 0          ; 0    ; 0            ; |system_top|vga_controller:u_vga_controller|pll:ins_pll                                                                                                          ; pll                                             ; work         ;
;          |pll_0002:pll_inst|                                          ; 0 (0)               ; 0 (0)                     ; 0                 ; 0          ; 0    ; 0            ; |system_top|vga_controller:u_vga_controller|pll:ins_pll|pll_0002:pll_inst                                                                                        ; pll_0002                                        ; work         ;
;             |altera_pll:altera_pll_i|                                 ; 0 (0)               ; 0 (0)                     ; 0                 ; 0          ; 0    ; 0            ; |system_top|vga_controller:u_vga_controller|pll:ins_pll|pll_0002:pll_inst|altera_pll:altera_pll_i                                                                ; altera_pll                                      ; work         ;
+-----------------------------------------------------------------------+---------------------+---------------------------+-------------------+------------+------+--------------+------------------------------------------------------------------------------------------------------------------------------------------------------------------+-------------------------------------------------+--------------+
Note: For table entries with two numbers listed, the numbers in parentheses indicate the number of resources of the given type used by the specific entity alone. The numbers listed outside of parentheses indicate the total resources of the given type used by the specific entity and all of its sub-entities in the hierarchy.


+------------------------------------------------------------------------------------------------------------------------------------------------------------------------------------------------------------------------------------------------------------------------------------------------------------------+
; Analysis & Synthesis RAM Summary                                                                                                                                                                                                                                                                                 ;
+-----------------------------------------------------------------------------------------------------------------------------------------------------------------+------------+------------------+--------------+--------------+--------------+--------------+------+---------------------------------------------+
; Name                                                                                                                                                            ; Type       ; Mode             ; Port A Depth ; Port A Width ; Port B Depth ; Port B Width ; Size ; MIF                                         ;
+-----------------------------------------------------------------------------------------------------------------------------------------------------------------+------------+------------------+--------------+--------------+--------------+--------------+------+---------------------------------------------+
; conv_top:u_conv_top|adder_tree:u_adder_tree|in9_reg:reg_inst|altshift_taps:shift_reg_rtl_0|shift_taps_vcv:auto_generated|altsyncram_hfc1:altsyncram4|ALTSYNCRAM ; AUTO       ; Simple Dual Port ; 3            ; 16           ; 3            ; 16           ; 48   ; None                                        ;
; conv_top:u_conv_top|image_bram:u_image_bram|altsyncram:image_mem_bot_rtl_0|altsyncram_57f1:auto_generated|ALTSYNCRAM                                            ; M10K block ; ROM              ; 256          ; 8            ; --           ; --           ; 2048 ; db/2d_conv.ram2_image_bram_1da70156.hdl.mif ;
; conv_top:u_conv_top|image_bram:u_image_bram|altsyncram:image_mem_mid_rtl_0|altsyncram_47f1:auto_generated|ALTSYNCRAM                                            ; M10K block ; ROM              ; 256          ; 8            ; --           ; --           ; 2048 ; db/2d_conv.ram1_image_bram_1da70156.hdl.mif ;
; conv_top:u_conv_top|image_bram:u_image_bram|altsyncram:image_mem_top_rtl_0|altsyncram_37f1:auto_generated|ALTSYNCRAM                                            ; M10K block ; ROM              ; 256          ; 8            ; --           ; --           ; 2048 ; db/2d_conv.ram0_image_bram_1da70156.hdl.mif ;
; fr_buf:u_fr_buf|altsyncram:ram_rtl_0|altsyncram_hjn1:auto_generated|ALTSYNCRAM                                                                                  ; AUTO       ; Simple Dual Port ; 256          ; 8            ; 256          ; 8            ; 2048 ; db/2d_conv.ram0_fr_buf_a78ea25.hdl.mif      ;
+-----------------------------------------------------------------------------------------------------------------------------------------------------------------+------------+------------------+--------------+--------------+--------------+--------------+------+---------------------------------------------+


+-------------------------------------------------+
; Analysis & Synthesis DSP Block Usage Summary    ;
+-----------------------------------+-------------+
; Statistic                         ; Number Used ;
+-----------------------------------+-------------+
; Independent 9x9                   ; 1           ;
; Sum of two 18x18                  ; 4           ;
; Total number of DSP blocks        ; 5           ;
;                                   ;             ;
; Fixed Point Unsigned Multiplier   ; 1           ;
; Fixed Point Mixed Sign Multiplier ; 8           ;
+-----------------------------------+-------------+


Encoding Type:  One-Hot
+------------------------------------------------------------------+
; State Machine - |system_top|vga_controller:u_vga_controller|v_cs ;
+---------+---------+---------+---------+--------------------------+
; Name    ; v_cs.s3 ; v_cs.s2 ; v_cs.s1 ; v_cs.s0                  ;
+---------+---------+---------+---------+--------------------------+
; v_cs.s0 ; 0       ; 0       ; 0       ; 0                        ;
; v_cs.s1 ; 0       ; 0       ; 1       ; 1                        ;
; v_cs.s2 ; 0       ; 1       ; 0       ; 1                        ;
; v_cs.s3 ; 1       ; 0       ; 0       ; 1                        ;
+---------+---------+---------+---------+--------------------------+


Encoding Type:  One-Hot
+------------------------------------------------------------------+
; State Machine - |system_top|vga_controller:u_vga_controller|h_cs ;
+---------+---------+---------+---------+--------------------------+
; Name    ; h_cs.s3 ; h_cs.s2 ; h_cs.s1 ; h_cs.s0                  ;
+---------+---------+---------+---------+--------------------------+
; h_cs.s0 ; 0       ; 0       ; 0       ; 0                        ;
; h_cs.s1 ; 0       ; 0       ; 1       ; 1                        ;
; h_cs.s2 ; 0       ; 1       ; 0       ; 1                        ;
; h_cs.s3 ; 1       ; 0       ; 0       ; 1                        ;
+---------+---------+---------+---------+--------------------------+


+--------------------------------------------------------------------------------------------------------------------------------------------------------------------------------------------------------------------------------------------------------+
; Registers Removed During Synthesis                                                                                                                                                                                                                     ;
+-------------------------------------------------------------------------------------------------------------------------+------------------------------------------------------------------------------------------------------------------------------+
; Register name                                                                                                           ; Reason for Removal                                                                                                           ;
+-------------------------------------------------------------------------------------------------------------------------+------------------------------------------------------------------------------------------------------------------------------+
; conv_top:u_conv_top|mac_mult_array:u_mac|signed_multiply_with_input_and_output_registers:mult_inst9|dataa_reg[8]        ; Stuck at GND due to stuck port data_in                                                                                       ;
; conv_top:u_conv_top|mac_mult_array:u_mac|signed_multiply_with_input_and_output_registers:mult_inst8|dataa_reg[8]        ; Stuck at GND due to stuck port data_in                                                                                       ;
; conv_top:u_conv_top|mac_mult_array:u_mac|signed_multiply_with_input_and_output_registers:mult_inst7|dataa_reg[8]        ; Stuck at GND due to stuck port data_in                                                                                       ;
; conv_top:u_conv_top|mac_mult_array:u_mac|signed_multiply_with_input_and_output_registers:mult_inst6|dataa_reg[8]        ; Stuck at GND due to stuck port data_in                                                                                       ;
; conv_top:u_conv_top|mac_mult_array:u_mac|signed_multiply_with_input_and_output_registers:mult_inst5|dataa_reg[8]        ; Stuck at GND due to stuck port data_in                                                                                       ;
; conv_top:u_conv_top|mac_mult_array:u_mac|signed_multiply_with_input_and_output_registers:mult_inst4|dataa_reg[8]        ; Stuck at GND due to stuck port data_in                                                                                       ;
; conv_top:u_conv_top|mac_mult_array:u_mac|signed_multiply_with_input_and_output_registers:mult_inst3|dataa_reg[8]        ; Stuck at GND due to stuck port data_in                                                                                       ;
; conv_top:u_conv_top|mac_mult_array:u_mac|signed_multiply_with_input_and_output_registers:mult_inst2|dataa_reg[8]        ; Stuck at GND due to stuck port data_in                                                                                       ;
; conv_top:u_conv_top|mac_mult_array:u_mac|signed_multiply_with_input_and_output_registers:mult_inst1|dataa_reg[8]        ; Stuck at GND due to stuck port data_in                                                                                       ;
; conv_top:u_conv_top|k_regs:u_k_regs|k4[0..3,5,6]                                                                        ; Stuck at GND due to stuck port data_in                                                                                       ;
; conv_top:u_conv_top|mac_mult_array:u_mac|signed_multiply_with_input_and_output_registers:mult_inst5|datab_reg[1,2,4..7] ; Stuck at GND due to stuck port data_in                                                                                       ;
; conv_top:u_conv_top|mac_mult_array:u_mac|signed_multiply_with_input_and_output_registers:mult_inst5|dataout[15,16]      ; Stuck at GND due to stuck port data_in                                                                                       ;
; conv_top:u_conv_top|mac_mult_array:u_mac|signed_multiply_with_input_and_output_registers:mult_inst7|dataout[0..16]      ; Lost fanout                                                                                                                  ;
; conv_top:u_conv_top|mac_mult_array:u_mac|signed_multiply_with_input_and_output_registers:mult_inst8|dataout[0..16]      ; Lost fanout                                                                                                                  ;
; conv_top:u_conv_top|mac_mult_array:u_mac|signed_multiply_with_input_and_output_registers:mult_inst5|dataout[0..14]      ; Lost fanout                                                                                                                  ;
; conv_top:u_conv_top|mac_mult_array:u_mac|signed_multiply_with_input_and_output_registers:mult_inst6|dataout[0..16]      ; Lost fanout                                                                                                                  ;
; conv_top:u_conv_top|mac_mult_array:u_mac|signed_multiply_with_input_and_output_registers:mult_inst3|dataout[0..16]      ; Lost fanout                                                                                                                  ;
; conv_top:u_conv_top|mac_mult_array:u_mac|signed_multiply_with_input_and_output_registers:mult_inst4|dataout[0..16]      ; Lost fanout                                                                                                                  ;
; conv_top:u_conv_top|mac_mult_array:u_mac|signed_multiply_with_input_and_output_registers:mult_inst1|dataout[0..16]      ; Lost fanout                                                                                                                  ;
; conv_top:u_conv_top|mac_mult_array:u_mac|signed_multiply_with_input_and_output_registers:mult_inst2|dataout[0..16]      ; Lost fanout                                                                                                                  ;
; conv_top:u_conv_top|adder_tree:u_adder_tree|signed_adder_subtractor:adder_inst4|Add0~mac_pl[0][18]                      ; Lost fanout                                                                                                                  ;
; conv_top:u_conv_top|adder_tree:u_adder_tree|signed_adder_subtractor:adder_inst4|Add0~mac_pl[0][19]                      ; Lost fanout                                                                                                                  ;
; conv_top:u_conv_top|adder_tree:u_adder_tree|signed_adder_subtractor:adder_inst4|Add0~mac_pl[0][20]                      ; Lost fanout                                                                                                                  ;
; conv_top:u_conv_top|adder_tree:u_adder_tree|signed_adder_subtractor:adder_inst4|Add0~mac_pl[0][21]                      ; Lost fanout                                                                                                                  ;
; conv_top:u_conv_top|adder_tree:u_adder_tree|signed_adder_subtractor:adder_inst4|Add0~mac_pl[0][22]                      ; Lost fanout                                                                                                                  ;
; conv_top:u_conv_top|adder_tree:u_adder_tree|signed_adder_subtractor:adder_inst4|Add0~mac_pl[0][23]                      ; Lost fanout                                                                                                                  ;
; conv_top:u_conv_top|adder_tree:u_adder_tree|signed_adder_subtractor:adder_inst4|Add0~mac_pl[0][24]                      ; Lost fanout                                                                                                                  ;
; conv_top:u_conv_top|adder_tree:u_adder_tree|signed_adder_subtractor:adder_inst4|Add0~mac_pl[0][25]                      ; Lost fanout                                                                                                                  ;
; conv_top:u_conv_top|adder_tree:u_adder_tree|signed_adder_subtractor:adder_inst4|Add0~mac_pl[0][26]                      ; Lost fanout                                                                                                                  ;
; conv_top:u_conv_top|adder_tree:u_adder_tree|signed_adder_subtractor:adder_inst4|Add0~mac_pl[0][27]                      ; Lost fanout                                                                                                                  ;
; conv_top:u_conv_top|adder_tree:u_adder_tree|signed_adder_subtractor:adder_inst4|Add0~mac_pl[0][28]                      ; Lost fanout                                                                                                                  ;
; conv_top:u_conv_top|adder_tree:u_adder_tree|signed_adder_subtractor:adder_inst4|Add0~mac_pl[0][29]                      ; Lost fanout                                                                                                                  ;
; conv_top:u_conv_top|adder_tree:u_adder_tree|signed_adder_subtractor:adder_inst4|Add0~mac_pl[0][30]                      ; Lost fanout                                                                                                                  ;
; conv_top:u_conv_top|adder_tree:u_adder_tree|signed_adder_subtractor:adder_inst4|Add0~mac_pl[0][31]                      ; Lost fanout                                                                                                                  ;
; conv_top:u_conv_top|adder_tree:u_adder_tree|signed_adder_subtractor:adder_inst4|Add0~mac_pl[0][32]                      ; Lost fanout                                                                                                                  ;
; conv_top:u_conv_top|adder_tree:u_adder_tree|signed_adder_subtractor:adder_inst4|Add0~mac_pl[0][33]                      ; Lost fanout                                                                                                                  ;
; conv_top:u_conv_top|adder_tree:u_adder_tree|signed_adder_subtractor:adder_inst4|Add0~mac_pl[0][34]                      ; Lost fanout                                                                                                                  ;
; conv_top:u_conv_top|adder_tree:u_adder_tree|signed_adder_subtractor:adder_inst4|Add0~mac_pl[0][35]                      ; Lost fanout                                                                                                                  ;
; conv_top:u_conv_top|adder_tree:u_adder_tree|signed_adder_subtractor:adder_inst4|Add0~mac_pl[0][36]                      ; Lost fanout                                                                                                                  ;
; conv_top:u_conv_top|adder_tree:u_adder_tree|signed_adder_subtractor:adder_inst4|Add0~mac_pl[0][37]                      ; Lost fanout                                                                                                                  ;
; conv_top:u_conv_top|adder_tree:u_adder_tree|signed_adder_subtractor:adder_inst3|Add0~mac_pl[0][18]                      ; Lost fanout                                                                                                                  ;
; conv_top:u_conv_top|adder_tree:u_adder_tree|signed_adder_subtractor:adder_inst3|Add0~mac_pl[0][19]                      ; Lost fanout                                                                                                                  ;
; conv_top:u_conv_top|adder_tree:u_adder_tree|signed_adder_subtractor:adder_inst3|Add0~mac_pl[0][20]                      ; Lost fanout                                                                                                                  ;
; conv_top:u_conv_top|adder_tree:u_adder_tree|signed_adder_subtractor:adder_inst3|Add0~mac_pl[0][21]                      ; Lost fanout                                                                                                                  ;
; conv_top:u_conv_top|adder_tree:u_adder_tree|signed_adder_subtractor:adder_inst3|Add0~mac_pl[0][22]                      ; Lost fanout                                                                                                                  ;
; conv_top:u_conv_top|adder_tree:u_adder_tree|signed_adder_subtractor:adder_inst3|Add0~mac_pl[0][23]                      ; Lost fanout                                                                                                                  ;
; conv_top:u_conv_top|adder_tree:u_adder_tree|signed_adder_subtractor:adder_inst3|Add0~mac_pl[0][24]                      ; Lost fanout                                                                                                                  ;
; conv_top:u_conv_top|adder_tree:u_adder_tree|signed_adder_subtractor:adder_inst3|Add0~mac_pl[0][25]                      ; Lost fanout                                                                                                                  ;
; conv_top:u_conv_top|adder_tree:u_adder_tree|signed_adder_subtractor:adder_inst3|Add0~mac_pl[0][26]                      ; Lost fanout                                                                                                                  ;
; conv_top:u_conv_top|adder_tree:u_adder_tree|signed_adder_subtractor:adder_inst3|Add0~mac_pl[0][27]                      ; Lost fanout                                                                                                                  ;
; conv_top:u_conv_top|adder_tree:u_adder_tree|signed_adder_subtractor:adder_inst3|Add0~mac_pl[0][28]                      ; Lost fanout                                                                                                                  ;
; conv_top:u_conv_top|adder_tree:u_adder_tree|signed_adder_subtractor:adder_inst3|Add0~mac_pl[0][29]                      ; Lost fanout                                                                                                                  ;
; conv_top:u_conv_top|adder_tree:u_adder_tree|signed_adder_subtractor:adder_inst3|Add0~mac_pl[0][30]                      ; Lost fanout                                                                                                                  ;
; conv_top:u_conv_top|adder_tree:u_adder_tree|signed_adder_subtractor:adder_inst3|Add0~mac_pl[0][31]                      ; Lost fanout                                                                                                                  ;
; conv_top:u_conv_top|adder_tree:u_adder_tree|signed_adder_subtractor:adder_inst3|Add0~mac_pl[0][32]                      ; Lost fanout                                                                                                                  ;
; conv_top:u_conv_top|adder_tree:u_adder_tree|signed_adder_subtractor:adder_inst3|Add0~mac_pl[0][33]                      ; Lost fanout                                                                                                                  ;
; conv_top:u_conv_top|adder_tree:u_adder_tree|signed_adder_subtractor:adder_inst3|Add0~mac_pl[0][34]                      ; Lost fanout                                                                                                                  ;
; conv_top:u_conv_top|adder_tree:u_adder_tree|signed_adder_subtractor:adder_inst3|Add0~mac_pl[0][35]                      ; Lost fanout                                                                                                                  ;
; conv_top:u_conv_top|adder_tree:u_adder_tree|signed_adder_subtractor:adder_inst3|Add0~mac_pl[0][36]                      ; Lost fanout                                                                                                                  ;
; conv_top:u_conv_top|adder_tree:u_adder_tree|signed_adder_subtractor:adder_inst3|Add0~mac_pl[0][37]                      ; Lost fanout                                                                                                                  ;
; conv_top:u_conv_top|adder_tree:u_adder_tree|signed_adder_subtractor:adder_inst2|Add0~mac_pl[0][18]                      ; Lost fanout                                                                                                                  ;
; conv_top:u_conv_top|adder_tree:u_adder_tree|signed_adder_subtractor:adder_inst2|Add0~mac_pl[0][19]                      ; Lost fanout                                                                                                                  ;
; conv_top:u_conv_top|adder_tree:u_adder_tree|signed_adder_subtractor:adder_inst2|Add0~mac_pl[0][20]                      ; Lost fanout                                                                                                                  ;
; conv_top:u_conv_top|adder_tree:u_adder_tree|signed_adder_subtractor:adder_inst2|Add0~mac_pl[0][21]                      ; Lost fanout                                                                                                                  ;
; conv_top:u_conv_top|adder_tree:u_adder_tree|signed_adder_subtractor:adder_inst2|Add0~mac_pl[0][22]                      ; Lost fanout                                                                                                                  ;
; conv_top:u_conv_top|adder_tree:u_adder_tree|signed_adder_subtractor:adder_inst2|Add0~mac_pl[0][23]                      ; Lost fanout                                                                                                                  ;
; conv_top:u_conv_top|adder_tree:u_adder_tree|signed_adder_subtractor:adder_inst2|Add0~mac_pl[0][24]                      ; Lost fanout                                                                                                                  ;
; conv_top:u_conv_top|adder_tree:u_adder_tree|signed_adder_subtractor:adder_inst2|Add0~mac_pl[0][25]                      ; Lost fanout                                                                                                                  ;
; conv_top:u_conv_top|adder_tree:u_adder_tree|signed_adder_subtractor:adder_inst2|Add0~mac_pl[0][26]                      ; Lost fanout                                                                                                                  ;
; conv_top:u_conv_top|adder_tree:u_adder_tree|signed_adder_subtractor:adder_inst2|Add0~mac_pl[0][27]                      ; Lost fanout                                                                                                                  ;
; conv_top:u_conv_top|adder_tree:u_adder_tree|signed_adder_subtractor:adder_inst2|Add0~mac_pl[0][28]                      ; Lost fanout                                                                                                                  ;
; conv_top:u_conv_top|adder_tree:u_adder_tree|signed_adder_subtractor:adder_inst2|Add0~mac_pl[0][29]                      ; Lost fanout                                                                                                                  ;
; conv_top:u_conv_top|adder_tree:u_adder_tree|signed_adder_subtractor:adder_inst2|Add0~mac_pl[0][30]                      ; Lost fanout                                                                                                                  ;
; conv_top:u_conv_top|adder_tree:u_adder_tree|signed_adder_subtractor:adder_inst2|Add0~mac_pl[0][31]                      ; Lost fanout                                                                                                                  ;
; conv_top:u_conv_top|adder_tree:u_adder_tree|signed_adder_subtractor:adder_inst2|Add0~mac_pl[0][32]                      ; Lost fanout                                                                                                                  ;
; conv_top:u_conv_top|adder_tree:u_adder_tree|signed_adder_subtractor:adder_inst2|Add0~mac_pl[0][33]                      ; Lost fanout                                                                                                                  ;
; conv_top:u_conv_top|adder_tree:u_adder_tree|signed_adder_subtractor:adder_inst2|Add0~mac_pl[0][34]                      ; Lost fanout                                                                                                                  ;
; conv_top:u_conv_top|adder_tree:u_adder_tree|signed_adder_subtractor:adder_inst2|Add0~mac_pl[0][35]                      ; Lost fanout                                                                                                                  ;
; conv_top:u_conv_top|adder_tree:u_adder_tree|signed_adder_subtractor:adder_inst2|Add0~mac_pl[0][36]                      ; Lost fanout                                                                                                                  ;
; conv_top:u_conv_top|adder_tree:u_adder_tree|signed_adder_subtractor:adder_inst2|Add0~mac_pl[0][37]                      ; Lost fanout                                                                                                                  ;
; conv_top:u_conv_top|adder_tree:u_adder_tree|signed_adder_subtractor:adder_inst1|Add0~mac_pl[0][18]                      ; Lost fanout                                                                                                                  ;
; conv_top:u_conv_top|adder_tree:u_adder_tree|signed_adder_subtractor:adder_inst1|Add0~mac_pl[0][19]                      ; Lost fanout                                                                                                                  ;
; conv_top:u_conv_top|adder_tree:u_adder_tree|signed_adder_subtractor:adder_inst1|Add0~mac_pl[0][20]                      ; Lost fanout                                                                                                                  ;
; conv_top:u_conv_top|adder_tree:u_adder_tree|signed_adder_subtractor:adder_inst1|Add0~mac_pl[0][21]                      ; Lost fanout                                                                                                                  ;
; conv_top:u_conv_top|adder_tree:u_adder_tree|signed_adder_subtractor:adder_inst1|Add0~mac_pl[0][22]                      ; Lost fanout                                                                                                                  ;
; conv_top:u_conv_top|adder_tree:u_adder_tree|signed_adder_subtractor:adder_inst1|Add0~mac_pl[0][23]                      ; Lost fanout                                                                                                                  ;
; conv_top:u_conv_top|adder_tree:u_adder_tree|signed_adder_subtractor:adder_inst1|Add0~mac_pl[0][24]                      ; Lost fanout                                                                                                                  ;
; conv_top:u_conv_top|adder_tree:u_adder_tree|signed_adder_subtractor:adder_inst1|Add0~mac_pl[0][25]                      ; Lost fanout                                                                                                                  ;
; conv_top:u_conv_top|adder_tree:u_adder_tree|signed_adder_subtractor:adder_inst1|Add0~mac_pl[0][26]                      ; Lost fanout                                                                                                                  ;
; conv_top:u_conv_top|adder_tree:u_adder_tree|signed_adder_subtractor:adder_inst1|Add0~mac_pl[0][27]                      ; Lost fanout                                                                                                                  ;
; conv_top:u_conv_top|adder_tree:u_adder_tree|signed_adder_subtractor:adder_inst1|Add0~mac_pl[0][28]                      ; Lost fanout                                                                                                                  ;
; conv_top:u_conv_top|adder_tree:u_adder_tree|signed_adder_subtractor:adder_inst1|Add0~mac_pl[0][29]                      ; Lost fanout                                                                                                                  ;
; conv_top:u_conv_top|adder_tree:u_adder_tree|signed_adder_subtractor:adder_inst1|Add0~mac_pl[0][30]                      ; Lost fanout                                                                                                                  ;
; conv_top:u_conv_top|adder_tree:u_adder_tree|signed_adder_subtractor:adder_inst1|Add0~mac_pl[0][31]                      ; Lost fanout                                                                                                                  ;
; conv_top:u_conv_top|adder_tree:u_adder_tree|signed_adder_subtractor:adder_inst1|Add0~mac_pl[0][32]                      ; Lost fanout                                                                                                                  ;
; conv_top:u_conv_top|adder_tree:u_adder_tree|signed_adder_subtractor:adder_inst1|Add0~mac_pl[0][33]                      ; Lost fanout                                                                                                                  ;
; conv_top:u_conv_top|adder_tree:u_adder_tree|signed_adder_subtractor:adder_inst1|Add0~mac_pl[0][34]                      ; Lost fanout                                                                                                                  ;
; conv_top:u_conv_top|adder_tree:u_adder_tree|signed_adder_subtractor:adder_inst1|Add0~mac_pl[0][35]                      ; Lost fanout                                                                                                                  ;
; conv_top:u_conv_top|adder_tree:u_adder_tree|signed_adder_subtractor:adder_inst1|Add0~mac_pl[0][36]                      ; Lost fanout                                                                                                                  ;
; conv_top:u_conv_top|adder_tree:u_adder_tree|signed_adder_subtractor:adder_inst1|Add0~mac_pl[0][37]                      ; Lost fanout                                                                                                                  ;
; output_ass:u_output_ass|mem_wr_en                                                                                       ; Merged with output_ass:u_output_ass|pixel_out_valid                                                                          ;
; conv_top:u_conv_top|mac_mult_array:u_mac|signed_multiply_with_input_and_output_registers:mult_inst9|dataout[16]         ; Merged with conv_top:u_conv_top|mac_mult_array:u_mac|signed_multiply_with_input_and_output_registers:mult_inst9|dataout[15]  ;
; conv_top:u_conv_top|adder_tree:u_adder_tree|in9_reg:reg_inst|shift_reg[0][15]                                           ; Merged with conv_top:u_conv_top|adder_tree:u_adder_tree|in9_reg:reg_inst|shift_reg[0][16]                                    ;
; conv_top:u_conv_top|adder_tree:u_adder_tree|in9_reg:reg_inst|shift_reg[1][15]                                           ; Merged with conv_top:u_conv_top|adder_tree:u_adder_tree|in9_reg:reg_inst|shift_reg[1][16]                                    ;
; conv_top:u_conv_top|adder_tree:u_adder_tree|in9_reg:reg_inst|shift_reg[2][15]                                           ; Merged with conv_top:u_conv_top|adder_tree:u_adder_tree|in9_reg:reg_inst|shift_reg[2][16]                                    ;
; conv_top:u_conv_top|mac_mult_array:u_mac|signed_multiply_with_input_and_output_registers:mult_inst4|datab_reg[0..7]     ; Merged with conv_top:u_conv_top|mac_mult_array:u_mac|signed_multiply_with_input_and_output_registers:mult_inst2|datab_reg[0] ;
; conv_top:u_conv_top|mac_mult_array:u_mac|signed_multiply_with_input_and_output_registers:mult_inst6|datab_reg[0]        ; Merged with conv_top:u_conv_top|mac_mult_array:u_mac|signed_multiply_with_input_and_output_registers:mult_inst2|datab_reg[0] ;
; conv_top:u_conv_top|mac_mult_array:u_mac|signed_multiply_with_input_and_output_registers:mult_inst8|datab_reg[0]        ; Merged with conv_top:u_conv_top|mac_mult_array:u_mac|signed_multiply_with_input_and_output_registers:mult_inst2|datab_reg[0] ;
; conv_top:u_conv_top|mac_mult_array:u_mac|signed_multiply_with_input_and_output_registers:mult_inst9|datab_reg[1]        ; Merged with conv_top:u_conv_top|mac_mult_array:u_mac|signed_multiply_with_input_and_output_registers:mult_inst2|datab_reg[0] ;
; conv_top:u_conv_top|mac_mult_array:u_mac|signed_multiply_with_input_and_output_registers:mult_inst3|datab_reg[0..7]     ; Merged with conv_top:u_conv_top|mac_mult_array:u_mac|signed_multiply_with_input_and_output_registers:mult_inst1|datab_reg[0] ;
; conv_top:u_conv_top|mac_mult_array:u_mac|signed_multiply_with_input_and_output_registers:mult_inst7|datab_reg[0]        ; Merged with conv_top:u_conv_top|mac_mult_array:u_mac|signed_multiply_with_input_and_output_registers:mult_inst1|datab_reg[0] ;
; conv_top:u_conv_top|mac_mult_array:u_mac|signed_multiply_with_input_and_output_registers:mult_inst8|datab_reg[1]        ; Merged with conv_top:u_conv_top|mac_mult_array:u_mac|signed_multiply_with_input_and_output_registers:mult_inst1|datab_reg[0] ;
; conv_top:u_conv_top|mac_mult_array:u_mac|signed_multiply_with_input_and_output_registers:mult_inst9|datab_reg[0]        ; Merged with conv_top:u_conv_top|mac_mult_array:u_mac|signed_multiply_with_input_and_output_registers:mult_inst1|datab_reg[0] ;
; conv_top:u_conv_top|mac_mult_array:u_mac|signed_multiply_with_input_and_output_registers:mult_inst6|datab_reg[1..7]     ; Merged with conv_top:u_conv_top|mac_mult_array:u_mac|signed_multiply_with_input_and_output_registers:mult_inst5|datab_reg[3] ;
; conv_top:u_conv_top|mac_mult_array:u_mac|signed_multiply_with_input_and_output_registers:mult_inst7|datab_reg[1..7]     ; Merged with conv_top:u_conv_top|mac_mult_array:u_mac|signed_multiply_with_input_and_output_registers:mult_inst5|datab_reg[3] ;
; conv_top:u_conv_top|mac_mult_array:u_mac|signed_multiply_with_input_and_output_registers:mult_inst8|datab_reg[2..7]     ; Merged with conv_top:u_conv_top|mac_mult_array:u_mac|signed_multiply_with_input_and_output_registers:mult_inst5|datab_reg[3] ;
; conv_top:u_conv_top|mac_mult_array:u_mac|signed_multiply_with_input_and_output_registers:mult_inst9|datab_reg[2..7]     ; Merged with conv_top:u_conv_top|mac_mult_array:u_mac|signed_multiply_with_input_and_output_registers:mult_inst5|datab_reg[3] ;
; conv_top:u_conv_top|mac_mult_array:u_mac|signed_multiply_with_input_and_output_registers:mult_inst1|datab_reg[2..7]     ; Merged with conv_top:u_conv_top|mac_mult_array:u_mac|signed_multiply_with_input_and_output_registers:mult_inst1|datab_reg[1] ;
; conv_top:u_conv_top|mac_mult_array:u_mac|signed_multiply_with_input_and_output_registers:mult_inst2|datab_reg[1..7]     ; Merged with conv_top:u_conv_top|mac_mult_array:u_mac|signed_multiply_with_input_and_output_registers:mult_inst1|datab_reg[1] ;
; conv_top:u_conv_top|k_regs:u_k_regs|k3[0..7]                                                                            ; Merged with conv_top:u_conv_top|k_regs:u_k_regs|k1[7]                                                                        ;
; conv_top:u_conv_top|k_regs:u_k_regs|k5[7]                                                                               ; Merged with conv_top:u_conv_top|k_regs:u_k_regs|k1[7]                                                                        ;
; conv_top:u_conv_top|k_regs:u_k_regs|k7[7]                                                                               ; Merged with conv_top:u_conv_top|k_regs:u_k_regs|k1[7]                                                                        ;
; conv_top:u_conv_top|k_regs:u_k_regs|k8[6]                                                                               ; Merged with conv_top:u_conv_top|k_regs:u_k_regs|k1[7]                                                                        ;
; conv_top:u_conv_top|k_regs:u_k_regs|k2[0..7]                                                                            ; Merged with conv_top:u_conv_top|k_regs:u_k_regs|k0[7]                                                                        ;
; conv_top:u_conv_top|k_regs:u_k_regs|k6[7]                                                                               ; Merged with conv_top:u_conv_top|k_regs:u_k_regs|k0[7]                                                                        ;
; conv_top:u_conv_top|k_regs:u_k_regs|k7[6]                                                                               ; Merged with conv_top:u_conv_top|k_regs:u_k_regs|k0[7]                                                                        ;
; conv_top:u_conv_top|k_regs:u_k_regs|k8[7]                                                                               ; Merged with conv_top:u_conv_top|k_regs:u_k_regs|k0[7]                                                                        ;
; conv_top:u_conv_top|k_regs:u_k_regs|k5[0..6]                                                                            ; Merged with conv_top:u_conv_top|k_regs:u_k_regs|k4[4]                                                                        ;
; conv_top:u_conv_top|k_regs:u_k_regs|k6[0..6]                                                                            ; Merged with conv_top:u_conv_top|k_regs:u_k_regs|k4[4]                                                                        ;
; conv_top:u_conv_top|k_regs:u_k_regs|k7[0..5]                                                                            ; Merged with conv_top:u_conv_top|k_regs:u_k_regs|k4[4]                                                                        ;
; conv_top:u_conv_top|k_regs:u_k_regs|k8[0..5]                                                                            ; Merged with conv_top:u_conv_top|k_regs:u_k_regs|k4[4]                                                                        ;
; conv_top:u_conv_top|k_regs:u_k_regs|k0[1..6]                                                                            ; Merged with conv_top:u_conv_top|k_regs:u_k_regs|k0[0]                                                                        ;
; conv_top:u_conv_top|k_regs:u_k_regs|k1[0..6]                                                                            ; Merged with conv_top:u_conv_top|k_regs:u_k_regs|k0[0]                                                                        ;
; vga_controller:u_vga_controller|v_cs~4                                                                                  ; Lost fanout                                                                                                                  ;
; vga_controller:u_vga_controller|v_cs~5                                                                                  ; Lost fanout                                                                                                                  ;
; vga_controller:u_vga_controller|v_cs~6                                                                                  ; Lost fanout                                                                                                                  ;
; vga_controller:u_vga_controller|h_cs~4                                                                                  ; Lost fanout                                                                                                                  ;
; vga_controller:u_vga_controller|h_cs~5                                                                                  ; Lost fanout                                                                                                                  ;
; vga_controller:u_vga_controller|h_cs~6                                                                                  ; Lost fanout                                                                                                                  ;
; Total Number of Removed Registers = 370                                                                                 ;                                                                                                                              ;
+-------------------------------------------------------------------------------------------------------------------------+------------------------------------------------------------------------------------------------------------------------------+


+-----------------------------------------------------------------------------------------------------------------------------------------------------------------------------------------------------------------------------------------------------------------+
; Removed Registers Triggering Further Register Optimizations                                                                                                                                                                                                     ;
+------------------------------------------------------------------------------------------------------------------+---------------------------+------------------------------------------------------------------------------------------------------------------+
; Register name                                                                                                    ; Reason for Removal        ; Registers Removed due to This Register                                                                           ;
+------------------------------------------------------------------------------------------------------------------+---------------------------+------------------------------------------------------------------------------------------------------------------+
; conv_top:u_conv_top|mac_mult_array:u_mac|signed_multiply_with_input_and_output_registers:mult_inst5|dataa_reg[8] ; Stuck at GND              ; conv_top:u_conv_top|mac_mult_array:u_mac|signed_multiply_with_input_and_output_registers:mult_inst5|dataout[15], ;
;                                                                                                                  ; due to stuck port data_in ; conv_top:u_conv_top|mac_mult_array:u_mac|signed_multiply_with_input_and_output_registers:mult_inst5|dataout[16], ;
;                                                                                                                  ;                           ; conv_top:u_conv_top|mac_mult_array:u_mac|signed_multiply_with_input_and_output_registers:mult_inst5|dataout[14], ;
;                                                                                                                  ;                           ; conv_top:u_conv_top|mac_mult_array:u_mac|signed_multiply_with_input_and_output_registers:mult_inst5|dataout[13], ;
;                                                                                                                  ;                           ; conv_top:u_conv_top|mac_mult_array:u_mac|signed_multiply_with_input_and_output_registers:mult_inst5|dataout[12], ;
;                                                                                                                  ;                           ; conv_top:u_conv_top|mac_mult_array:u_mac|signed_multiply_with_input_and_output_registers:mult_inst5|dataout[11], ;
;                                                                                                                  ;                           ; conv_top:u_conv_top|mac_mult_array:u_mac|signed_multiply_with_input_and_output_registers:mult_inst5|dataout[10]  ;
; conv_top:u_conv_top|k_regs:u_k_regs|k4[6]                                                                        ; Stuck at GND              ; conv_top:u_conv_top|mac_mult_array:u_mac|signed_multiply_with_input_and_output_registers:mult_inst5|datab_reg[1] ;
;                                                                                                                  ; due to stuck port data_in ;                                                                                                                  ;
; conv_top:u_conv_top|k_regs:u_k_regs|k4[5]                                                                        ; Stuck at GND              ; conv_top:u_conv_top|mac_mult_array:u_mac|signed_multiply_with_input_and_output_registers:mult_inst5|datab_reg[2] ;
;                                                                                                                  ; due to stuck port data_in ;                                                                                                                  ;
; conv_top:u_conv_top|k_regs:u_k_regs|k4[3]                                                                        ; Stuck at GND              ; conv_top:u_conv_top|mac_mult_array:u_mac|signed_multiply_with_input_and_output_registers:mult_inst5|datab_reg[4] ;
;                                                                                                                  ; due to stuck port data_in ;                                                                                                                  ;
; conv_top:u_conv_top|k_regs:u_k_regs|k4[2]                                                                        ; Stuck at GND              ; conv_top:u_conv_top|mac_mult_array:u_mac|signed_multiply_with_input_and_output_registers:mult_inst5|datab_reg[5] ;
;                                                                                                                  ; due to stuck port data_in ;                                                                                                                  ;
; conv_top:u_conv_top|k_regs:u_k_regs|k4[1]                                                                        ; Stuck at GND              ; conv_top:u_conv_top|mac_mult_array:u_mac|signed_multiply_with_input_and_output_registers:mult_inst5|datab_reg[6] ;
;                                                                                                                  ; due to stuck port data_in ;                                                                                                                  ;
; conv_top:u_conv_top|k_regs:u_k_regs|k4[0]                                                                        ; Stuck at GND              ; conv_top:u_conv_top|mac_mult_array:u_mac|signed_multiply_with_input_and_output_registers:mult_inst5|datab_reg[7] ;
;                                                                                                                  ; due to stuck port data_in ;                                                                                                                  ;
+------------------------------------------------------------------------------------------------------------------+---------------------------+------------------------------------------------------------------------------------------------------------------+


+------------------------------------------------------+
; General Register Statistics                          ;
+----------------------------------------------+-------+
; Statistic                                    ; Value ;
+----------------------------------------------+-------+
; Total registers                              ; 525   ;
; Number of registers using Synchronous Clear  ; 29    ;
; Number of registers using Synchronous Load   ; 0     ;
; Number of registers using Asynchronous Clear ; 200   ;
; Number of registers using Asynchronous Load  ; 0     ;
; Number of registers using Clock Enable       ; 109   ;
; Number of registers using Preset             ; 0     ;
+----------------------------------------------+-------+


+--------------------------------------------------------------------------------------------------------------------------------------------------------------------+
; Inverted Register Statistics                                                                                                                                       ;
+----------------------------------------------------------------------------------------------------------------------------------------------------------+---------+
; Inverted Register                                                                                                                                        ; Fan out ;
+----------------------------------------------------------------------------------------------------------------------------------------------------------+---------+
; conv_top:u_conv_top|adder_tree:u_adder_tree|in9_reg:reg_inst|altshift_taps:shift_reg_rtl_0|shift_taps_vcv:auto_generated|dffe6                           ; 16      ;
; conv_top:u_conv_top|adder_tree:u_adder_tree|in9_reg:reg_inst|altshift_taps:shift_reg_rtl_0|shift_taps_vcv:auto_generated|cntr_b1h:cntr5|counter_reg_bit0 ; 1       ;
; Total number of inverted registers = 2                                                                                                                   ;         ;
+----------------------------------------------------------------------------------------------------------------------------------------------------------+---------+


+------------------------------------------------------------------------------------------------------------------------------------------------------------------------------------+
; Registers Packed Into Inferred Megafunctions                                                                                                                                       ;
+----------------------------------------------------------------------------------------+------------------------------------------------------------------------------+------------+
; Register Name                                                                          ; Megafunction                                                                 ; Type       ;
+----------------------------------------------------------------------------------------+------------------------------------------------------------------------------+------------+
; fr_buf:u_fr_buf|rd_data[0..7]                                                          ; fr_buf:u_fr_buf|ram_rtl_0                                                    ; RAM        ;
; conv_top:u_conv_top|image_bram:u_image_bram|row_top[0..7]                              ; conv_top:u_conv_top|image_bram:u_image_bram|image_mem_top_rtl_0              ; RAM        ;
; conv_top:u_conv_top|image_bram:u_image_bram|row_mid[0..7]                              ; conv_top:u_conv_top|image_bram:u_image_bram|image_mem_mid_rtl_0              ; RAM        ;
; conv_top:u_conv_top|image_bram:u_image_bram|row_bot[0..7]                              ; conv_top:u_conv_top|image_bram:u_image_bram|image_mem_bot_rtl_0              ; RAM        ;
; conv_top:u_conv_top|adder_tree:u_adder_tree|in9_reg:reg_inst|shift_reg[0..2][0..14,16] ; conv_top:u_conv_top|adder_tree:u_adder_tree|in9_reg:reg_inst|shift_reg_rtl_0 ; SHIFT_TAPS ;
+----------------------------------------------------------------------------------------+------------------------------------------------------------------------------+------------+


+---------------------------------------------------------------------------------------------------------------------------------------------------------------------+
; Multiplexer Restructuring Statistics (Restructuring Performed)                                                                                                      ;
+--------------------+-----------+---------------+----------------------+------------------------+------------+-------------------------------------------------------+
; Multiplexer Inputs ; Bus Width ; Baseline Area ; Area if Restructured ; Saving if Restructured ; Registered ; Example Multiplexer Output                            ;
+--------------------+-----------+---------------+----------------------+------------------------+------------+-------------------------------------------------------+
; 3:1                ; 4 bits    ; 8 LEs         ; 8 LEs                ; 0 LEs                  ; Yes        ; |system_top|conv_top:u_conv_top|k_regs:u_k_regs|k0[0] ;
; 3:1                ; 8 bits    ; 16 LEs        ; 8 LEs                ; 8 LEs                  ; Yes        ; |system_top|output_ass:u_output_ass|pixel_out[1]      ;
; 3:1                ; 16 bits   ; 32 LEs        ; 32 LEs               ; 0 LEs                  ; No         ; |system_top|vga_controller:u_vga_controller|r[1]      ;
; 3:1                ; 16 bits   ; 32 LEs        ; 32 LEs               ; 0 LEs                  ; No         ; |system_top|out_if:u_out_if|write_addr[7]             ;
+--------------------+-----------+---------------+----------------------+------------------------+------------+-------------------------------------------------------+


+--------------------------------------------------------------------------------------------+
; Source assignments for fr_buf:u_fr_buf|altsyncram:ram_rtl_0|altsyncram_hjn1:auto_generated ;
+---------------------------------+--------------------+------+------------------------------+
; Assignment                      ; Value              ; From ; To                           ;
+---------------------------------+--------------------+------+------------------------------+
; OPTIMIZE_POWER_DURING_SYNTHESIS ; NORMAL_COMPILATION ; -    ; -                            ;
+---------------------------------+--------------------+------+------------------------------+


+----------------------------------------------------------------------------------------------------------------------------------+
; Source assignments for conv_top:u_conv_top|image_bram:u_image_bram|altsyncram:image_mem_top_rtl_0|altsyncram_37f1:auto_generated ;
+---------------------------------+--------------------+------+--------------------------------------------------------------------+
; Assignment                      ; Value              ; From ; To                                                                 ;
+---------------------------------+--------------------+------+--------------------------------------------------------------------+
; OPTIMIZE_POWER_DURING_SYNTHESIS ; NORMAL_COMPILATION ; -    ; -                                                                  ;
+---------------------------------+--------------------+------+--------------------------------------------------------------------+


+----------------------------------------------------------------------------------------------------------------------------------+
; Source assignments for conv_top:u_conv_top|image_bram:u_image_bram|altsyncram:image_mem_mid_rtl_0|altsyncram_47f1:auto_generated ;
+---------------------------------+--------------------+------+--------------------------------------------------------------------+
; Assignment                      ; Value              ; From ; To                                                                 ;
+---------------------------------+--------------------+------+--------------------------------------------------------------------+
; OPTIMIZE_POWER_DURING_SYNTHESIS ; NORMAL_COMPILATION ; -    ; -                                                                  ;
+---------------------------------+--------------------+------+--------------------------------------------------------------------+


+----------------------------------------------------------------------------------------------------------------------------------+
; Source assignments for conv_top:u_conv_top|image_bram:u_image_bram|altsyncram:image_mem_bot_rtl_0|altsyncram_57f1:auto_generated ;
+---------------------------------+--------------------+------+--------------------------------------------------------------------+
; Assignment                      ; Value              ; From ; To                                                                 ;
+---------------------------------+--------------------+------+--------------------------------------------------------------------+
; OPTIMIZE_POWER_DURING_SYNTHESIS ; NORMAL_COMPILATION ; -    ; -                                                                  ;
+---------------------------------+--------------------+------+--------------------------------------------------------------------+


+-----------------------------------------------------------------------------------------------------------------------------------------------------------------------------+
; Source assignments for conv_top:u_conv_top|adder_tree:u_adder_tree|in9_reg:reg_inst|altshift_taps:shift_reg_rtl_0|shift_taps_vcv:auto_generated|altsyncram_hfc1:altsyncram4 ;
+---------------------------------+--------------------+------+---------------------------------------------------------------------------------------------------------------+
; Assignment                      ; Value              ; From ; To                                                                                                            ;
+---------------------------------+--------------------+------+---------------------------------------------------------------------------------------------------------------+
; OPTIMIZE_POWER_DURING_SYNTHESIS ; NORMAL_COMPILATION ; -    ; -                                                                                                             ;
+---------------------------------+--------------------+------+---------------------------------------------------------------------------------------------------------------+


+----------------------------------------------------------------------------------------------------------------------------------------------------------------+
; Source assignments for conv_top:u_conv_top|adder_tree:u_adder_tree|in9_reg:reg_inst|altshift_taps:shift_reg_rtl_0|shift_taps_vcv:auto_generated|cntr_b1h:cntr5 ;
+----------------+-------+------+--------------------------------------------------------------------------------------------------------------------------------+
; Assignment     ; Value ; From ; To                                                                                                                             ;
+----------------+-------+------+--------------------------------------------------------------------------------------------------------------------------------+
; POWER_UP_LEVEL ; HIGH  ; -    ; counter_reg_bit0                                                                                                               ;
+----------------+-------+------+--------------------------------------------------------------------------------------------------------------------------------+


+------------------------------------------------------------------------------------------+
; Parameter Settings for User Entity Instance: conv_top:u_conv_top|window_gen:u_window_gen ;
+----------------+-------+-----------------------------------------------------------------+
; Parameter Name ; Value ; Type                                                            ;
+----------------+-------+-----------------------------------------------------------------+
; PIXEL_WIDTH    ; 8     ; Signed Integer                                                  ;
; TILE_ROWS      ; 16    ; Signed Integer                                                  ;
; TILE_COLS      ; 16    ; Signed Integer                                                  ;
+----------------+-------+-----------------------------------------------------------------+
Note: In order to hide this table in the UI and the text report file, please set the "Show Parameter Settings in Synthesis Report" option in "Analysis and Synthesis Settings -> More Settings" to "Off".


+----------------------------------------------------------------------------------+
; Parameter Settings for User Entity Instance: conv_top:u_conv_top|k_regs:u_k_regs ;
+----------------+----------+------------------------------------------------------+
; Parameter Name ; Value    ; Type                                                 ;
+----------------+----------+------------------------------------------------------+
; COEF_WIDTH     ; 00001000 ; Unsigned Binary                                      ;
; PIXEL_WIDTH    ; 00001000 ; Unsigned Binary                                      ;
+----------------+----------+------------------------------------------------------+
Note: In order to hide this table in the UI and the text report file, please set the "Show Parameter Settings in Synthesis Report" option in "Analysis and Synthesis Settings -> More Settings" to "Off".


+---------------------------------------------------------------------------------------+
; Parameter Settings for User Entity Instance: conv_top:u_conv_top|mac_mult_array:u_mac ;
+----------------+-------+--------------------------------------------------------------+
; Parameter Name ; Value ; Type                                                         ;
+----------------+-------+--------------------------------------------------------------+
; PIXEL_WIDTH    ; 8     ; Signed Integer                                               ;
; PRODUCT_WIDTH  ; 17    ; Signed Integer                                               ;
; KERNEL_WIDTH   ; 3     ; Signed Integer                                               ;
+----------------+-------+--------------------------------------------------------------+
Note: In order to hide this table in the UI and the text report file, please set the "Show Parameter Settings in Synthesis Report" option in "Analysis and Synthesis Settings -> More Settings" to "Off".


+--------------------------------------------------------------------------------------------------------------------------------------------------+
; Parameter Settings for User Entity Instance: conv_top:u_conv_top|mac_mult_array:u_mac|signed_multiply_with_input_and_output_registers:mult_inst1 ;
+----------------+-------+-------------------------------------------------------------------------------------------------------------------------+
; Parameter Name ; Value ; Type                                                                                                                    ;
+----------------+-------+-------------------------------------------------------------------------------------------------------------------------+
; WIDTH          ; 8     ; Signed Integer                                                                                                          ;
+----------------+-------+-------------------------------------------------------------------------------------------------------------------------+
Note: In order to hide this table in the UI and the text report file, please set the "Show Parameter Settings in Synthesis Report" option in "Analysis and Synthesis Settings -> More Settings" to "Off".


+--------------------------------------------------------------------------------------------------------------------------------------------------+
; Parameter Settings for User Entity Instance: conv_top:u_conv_top|mac_mult_array:u_mac|signed_multiply_with_input_and_output_registers:mult_inst2 ;
+----------------+-------+-------------------------------------------------------------------------------------------------------------------------+
; Parameter Name ; Value ; Type                                                                                                                    ;
+----------------+-------+-------------------------------------------------------------------------------------------------------------------------+
; WIDTH          ; 8     ; Signed Integer                                                                                                          ;
+----------------+-------+-------------------------------------------------------------------------------------------------------------------------+
Note: In order to hide this table in the UI and the text report file, please set the "Show Parameter Settings in Synthesis Report" option in "Analysis and Synthesis Settings -> More Settings" to "Off".


+--------------------------------------------------------------------------------------------------------------------------------------------------+
; Parameter Settings for User Entity Instance: conv_top:u_conv_top|mac_mult_array:u_mac|signed_multiply_with_input_and_output_registers:mult_inst3 ;
+----------------+-------+-------------------------------------------------------------------------------------------------------------------------+
; Parameter Name ; Value ; Type                                                                                                                    ;
+----------------+-------+-------------------------------------------------------------------------------------------------------------------------+
; WIDTH          ; 8     ; Signed Integer                                                                                                          ;
+----------------+-------+-------------------------------------------------------------------------------------------------------------------------+
Note: In order to hide this table in the UI and the text report file, please set the "Show Parameter Settings in Synthesis Report" option in "Analysis and Synthesis Settings -> More Settings" to "Off".


+--------------------------------------------------------------------------------------------------------------------------------------------------+
; Parameter Settings for User Entity Instance: conv_top:u_conv_top|mac_mult_array:u_mac|signed_multiply_with_input_and_output_registers:mult_inst4 ;
+----------------+-------+-------------------------------------------------------------------------------------------------------------------------+
; Parameter Name ; Value ; Type                                                                                                                    ;
+----------------+-------+-------------------------------------------------------------------------------------------------------------------------+
; WIDTH          ; 8     ; Signed Integer                                                                                                          ;
+----------------+-------+-------------------------------------------------------------------------------------------------------------------------+
Note: In order to hide this table in the UI and the text report file, please set the "Show Parameter Settings in Synthesis Report" option in "Analysis and Synthesis Settings -> More Settings" to "Off".


+--------------------------------------------------------------------------------------------------------------------------------------------------+
; Parameter Settings for User Entity Instance: conv_top:u_conv_top|mac_mult_array:u_mac|signed_multiply_with_input_and_output_registers:mult_inst5 ;
+----------------+-------+-------------------------------------------------------------------------------------------------------------------------+
; Parameter Name ; Value ; Type                                                                                                                    ;
+----------------+-------+-------------------------------------------------------------------------------------------------------------------------+
; WIDTH          ; 8     ; Signed Integer                                                                                                          ;
+----------------+-------+-------------------------------------------------------------------------------------------------------------------------+
Note: In order to hide this table in the UI and the text report file, please set the "Show Parameter Settings in Synthesis Report" option in "Analysis and Synthesis Settings -> More Settings" to "Off".


+--------------------------------------------------------------------------------------------------------------------------------------------------+
; Parameter Settings for User Entity Instance: conv_top:u_conv_top|mac_mult_array:u_mac|signed_multiply_with_input_and_output_registers:mult_inst6 ;
+----------------+-------+-------------------------------------------------------------------------------------------------------------------------+
; Parameter Name ; Value ; Type                                                                                                                    ;
+----------------+-------+-------------------------------------------------------------------------------------------------------------------------+
; WIDTH          ; 8     ; Signed Integer                                                                                                          ;
+----------------+-------+-------------------------------------------------------------------------------------------------------------------------+
Note: In order to hide this table in the UI and the text report file, please set the "Show Parameter Settings in Synthesis Report" option in "Analysis and Synthesis Settings -> More Settings" to "Off".


+--------------------------------------------------------------------------------------------------------------------------------------------------+
; Parameter Settings for User Entity Instance: conv_top:u_conv_top|mac_mult_array:u_mac|signed_multiply_with_input_and_output_registers:mult_inst7 ;
+----------------+-------+-------------------------------------------------------------------------------------------------------------------------+
; Parameter Name ; Value ; Type                                                                                                                    ;
+----------------+-------+-------------------------------------------------------------------------------------------------------------------------+
; WIDTH          ; 8     ; Signed Integer                                                                                                          ;
+----------------+-------+-------------------------------------------------------------------------------------------------------------------------+
Note: In order to hide this table in the UI and the text report file, please set the "Show Parameter Settings in Synthesis Report" option in "Analysis and Synthesis Settings -> More Settings" to "Off".


+--------------------------------------------------------------------------------------------------------------------------------------------------+
; Parameter Settings for User Entity Instance: conv_top:u_conv_top|mac_mult_array:u_mac|signed_multiply_with_input_and_output_registers:mult_inst8 ;
+----------------+-------+-------------------------------------------------------------------------------------------------------------------------+
; Parameter Name ; Value ; Type                                                                                                                    ;
+----------------+-------+-------------------------------------------------------------------------------------------------------------------------+
; WIDTH          ; 8     ; Signed Integer                                                                                                          ;
+----------------+-------+-------------------------------------------------------------------------------------------------------------------------+
Note: In order to hide this table in the UI and the text report file, please set the "Show Parameter Settings in Synthesis Report" option in "Analysis and Synthesis Settings -> More Settings" to "Off".


+--------------------------------------------------------------------------------------------------------------------------------------------------+
; Parameter Settings for User Entity Instance: conv_top:u_conv_top|mac_mult_array:u_mac|signed_multiply_with_input_and_output_registers:mult_inst9 ;
+----------------+-------+-------------------------------------------------------------------------------------------------------------------------+
; Parameter Name ; Value ; Type                                                                                                                    ;
+----------------+-------+-------------------------------------------------------------------------------------------------------------------------+
; WIDTH          ; 8     ; Signed Integer                                                                                                          ;
+----------------+-------+-------------------------------------------------------------------------------------------------------------------------+
Note: In order to hide this table in the UI and the text report file, please set the "Show Parameter Settings in Synthesis Report" option in "Analysis and Synthesis Settings -> More Settings" to "Off".


+------------------------------------------------------------------------------------------+
; Parameter Settings for User Entity Instance: conv_top:u_conv_top|adder_tree:u_adder_tree ;
+----------------+-------+-----------------------------------------------------------------+
; Parameter Name ; Value ; Type                                                            ;
+----------------+-------+-----------------------------------------------------------------+
; WIDTH          ; 17    ; Signed Integer                                                  ;
+----------------+-------+-----------------------------------------------------------------+
Note: In order to hide this table in the UI and the text report file, please set the "Show Parameter Settings in Synthesis Report" option in "Analysis and Synthesis Settings -> More Settings" to "Off".


+-----------------------------------------------------------------------------------------------------------+
; Parameter Settings for User Entity Instance: conv_top:u_conv_top|adder_tree:u_adder_tree|in9_reg:reg_inst ;
+----------------+-------+----------------------------------------------------------------------------------+
; Parameter Name ; Value ; Type                                                                             ;
+----------------+-------+----------------------------------------------------------------------------------+
; WIDTH          ; 17    ; Signed Integer                                                                   ;
+----------------+-------+----------------------------------------------------------------------------------+
Note: In order to hide this table in the UI and the text report file, please set the "Show Parameter Settings in Synthesis Report" option in "Analysis and Synthesis Settings -> More Settings" to "Off".


+------------------------------------------------------------------------------------------------------------------------------+
; Parameter Settings for User Entity Instance: conv_top:u_conv_top|adder_tree:u_adder_tree|signed_adder_subtractor:adder_inst1 ;
+----------------+-------+-----------------------------------------------------------------------------------------------------+
; Parameter Name ; Value ; Type                                                                                                ;
+----------------+-------+-----------------------------------------------------------------------------------------------------+
; WIDTH          ; 17    ; Signed Integer                                                                                      ;
+----------------+-------+-----------------------------------------------------------------------------------------------------+
Note: In order to hide this table in the UI and the text report file, please set the "Show Parameter Settings in Synthesis Report" option in "Analysis and Synthesis Settings -> More Settings" to "Off".


+------------------------------------------------------------------------------------------------------------------------------+
; Parameter Settings for User Entity Instance: conv_top:u_conv_top|adder_tree:u_adder_tree|signed_adder_subtractor:adder_inst2 ;
+----------------+-------+-----------------------------------------------------------------------------------------------------+
; Parameter Name ; Value ; Type                                                                                                ;
+----------------+-------+-----------------------------------------------------------------------------------------------------+
; WIDTH          ; 17    ; Signed Integer                                                                                      ;
+----------------+-------+-----------------------------------------------------------------------------------------------------+
Note: In order to hide this table in the UI and the text report file, please set the "Show Parameter Settings in Synthesis Report" option in "Analysis and Synthesis Settings -> More Settings" to "Off".


+------------------------------------------------------------------------------------------------------------------------------+
; Parameter Settings for User Entity Instance: conv_top:u_conv_top|adder_tree:u_adder_tree|signed_adder_subtractor:adder_inst3 ;
+----------------+-------+-----------------------------------------------------------------------------------------------------+
; Parameter Name ; Value ; Type                                                                                                ;
+----------------+-------+-----------------------------------------------------------------------------------------------------+
; WIDTH          ; 17    ; Signed Integer                                                                                      ;
+----------------+-------+-----------------------------------------------------------------------------------------------------+
Note: In order to hide this table in the UI and the text report file, please set the "Show Parameter Settings in Synthesis Report" option in "Analysis and Synthesis Settings -> More Settings" to "Off".


+------------------------------------------------------------------------------------------------------------------------------+
; Parameter Settings for User Entity Instance: conv_top:u_conv_top|adder_tree:u_adder_tree|signed_adder_subtractor:adder_inst4 ;
+----------------+-------+-----------------------------------------------------------------------------------------------------+
; Parameter Name ; Value ; Type                                                                                                ;
+----------------+-------+-----------------------------------------------------------------------------------------------------+
; WIDTH          ; 17    ; Signed Integer                                                                                      ;
+----------------+-------+-----------------------------------------------------------------------------------------------------+
Note: In order to hide this table in the UI and the text report file, please set the "Show Parameter Settings in Synthesis Report" option in "Analysis and Synthesis Settings -> More Settings" to "Off".


+------------------------------------------------------------------------------------------------------------------------------+
; Parameter Settings for User Entity Instance: conv_top:u_conv_top|adder_tree:u_adder_tree|signed_adder_subtractor:adder_inst5 ;
+----------------+-------+-----------------------------------------------------------------------------------------------------+
; Parameter Name ; Value ; Type                                                                                                ;
+----------------+-------+-----------------------------------------------------------------------------------------------------+
; WIDTH          ; 18    ; Signed Integer                                                                                      ;
+----------------+-------+-----------------------------------------------------------------------------------------------------+
Note: In order to hide this table in the UI and the text report file, please set the "Show Parameter Settings in Synthesis Report" option in "Analysis and Synthesis Settings -> More Settings" to "Off".


+------------------------------------------------------------------------------------------------------------------------------+
; Parameter Settings for User Entity Instance: conv_top:u_conv_top|adder_tree:u_adder_tree|signed_adder_subtractor:adder_inst6 ;
+----------------+-------+-----------------------------------------------------------------------------------------------------+
; Parameter Name ; Value ; Type                                                                                                ;
+----------------+-------+-----------------------------------------------------------------------------------------------------+
; WIDTH          ; 18    ; Signed Integer                                                                                      ;
+----------------+-------+-----------------------------------------------------------------------------------------------------+
Note: In order to hide this table in the UI and the text report file, please set the "Show Parameter Settings in Synthesis Report" option in "Analysis and Synthesis Settings -> More Settings" to "Off".


+------------------------------------------------------------------------------------------------------------------------------+
; Parameter Settings for User Entity Instance: conv_top:u_conv_top|adder_tree:u_adder_tree|signed_adder_subtractor:adder_inst7 ;
+----------------+-------+-----------------------------------------------------------------------------------------------------+
; Parameter Name ; Value ; Type                                                                                                ;
+----------------+-------+-----------------------------------------------------------------------------------------------------+
; WIDTH          ; 19    ; Signed Integer                                                                                      ;
+----------------+-------+-----------------------------------------------------------------------------------------------------+
Note: In order to hide this table in the UI and the text report file, please set the "Show Parameter Settings in Synthesis Report" option in "Analysis and Synthesis Settings -> More Settings" to "Off".


+------------------------------------------------------------------------------------------------------------------------------+
; Parameter Settings for User Entity Instance: conv_top:u_conv_top|adder_tree:u_adder_tree|signed_adder_subtractor:adder_inst8 ;
+----------------+-------+-----------------------------------------------------------------------------------------------------+
; Parameter Name ; Value ; Type                                                                                                ;
+----------------+-------+-----------------------------------------------------------------------------------------------------+
; WIDTH          ; 20    ; Signed Integer                                                                                      ;
+----------------+-------+-----------------------------------------------------------------------------------------------------+
Note: In order to hide this table in the UI and the text report file, please set the "Show Parameter Settings in Synthesis Report" option in "Analysis and Synthesis Settings -> More Settings" to "Off".


+----------------------------------------------------------------------+
; Parameter Settings for User Entity Instance: output_ass:u_output_ass ;
+----------------+-------+---------------------------------------------+
; Parameter Name ; Value ; Type                                        ;
+----------------+-------+---------------------------------------------+
; PIXEL_WIDTH    ; 8     ; Signed Integer                              ;
; SUM_WIDTH      ; 21    ; Signed Integer                              ;
+----------------+-------+---------------------------------------------+
Note: In order to hide this table in the UI and the text report file, please set the "Show Parameter Settings in Synthesis Report" option in "Analysis and Synthesis Settings -> More Settings" to "Off".


+--------------------------------------------------------------+
; Parameter Settings for User Entity Instance: out_if:u_out_if ;
+----------------+-------+-------------------------------------+
; Parameter Name ; Value ; Type                                ;
+----------------+-------+-------------------------------------+
; PIXEL_WIDTH    ; 8     ; Signed Integer                      ;
+----------------+-------+-------------------------------------+
Note: In order to hide this table in the UI and the text report file, please set the "Show Parameter Settings in Synthesis Report" option in "Analysis and Synthesis Settings -> More Settings" to "Off".


+--------------------------------------------------------------+
; Parameter Settings for User Entity Instance: fr_buf:u_fr_buf ;
+----------------+-------+-------------------------------------+
; Parameter Name ; Value ; Type                                ;
+----------------+-------+-------------------------------------+
; PIXEL_WIDTH    ; 8     ; Signed Integer                      ;
; ADDR_WIDTH     ; 8     ; Signed Integer                      ;
+----------------+-------+-------------------------------------+
Note: In order to hide this table in the UI and the text report file, please set the "Show Parameter Settings in Synthesis Report" option in "Analysis and Synthesis Settings -> More Settings" to "Off".


+------------------------------------------------------------------------------------------------------------------------------------+
; Parameter Settings for User Entity Instance: vga_controller:u_vga_controller|pll:ins_pll|pll_0002:pll_inst|altera_pll:altera_pll_i ;
+--------------------------------------+------------------------+--------------------------------------------------------------------+
; Parameter Name                       ; Value                  ; Type                                                               ;
+--------------------------------------+------------------------+--------------------------------------------------------------------+
; reference_clock_frequency            ; 50.0 MHz               ; String                                                             ;
; fractional_vco_multiplier            ; false                  ; String                                                             ;
; pll_type                             ; General                ; String                                                             ;
; pll_subtype                          ; General                ; String                                                             ;
; number_of_clocks                     ; 1                      ; Signed Integer                                                     ;
; operation_mode                       ; direct                 ; String                                                             ;
; deserialization_factor               ; 4                      ; Signed Integer                                                     ;
; data_rate                            ; 0                      ; Signed Integer                                                     ;
; sim_additional_refclk_cycles_to_lock ; 0                      ; Signed Integer                                                     ;
; output_clock_frequency0              ; 25.175644 MHz          ; String                                                             ;
; phase_shift0                         ; 0 ps                   ; String                                                             ;
; duty_cycle0                          ; 50                     ; Signed Integer                                                     ;
; output_clock_frequency1              ; 0 MHz                  ; String                                                             ;
; phase_shift1                         ; 0 ps                   ; String                                                             ;
; duty_cycle1                          ; 50                     ; Signed Integer                                                     ;
; output_clock_frequency2              ; 0 MHz                  ; String                                                             ;
; phase_shift2                         ; 0 ps                   ; String                                                             ;
; duty_cycle2                          ; 50                     ; Signed Integer                                                     ;
; output_clock_frequency3              ; 0 MHz                  ; String                                                             ;
; phase_shift3                         ; 0 ps                   ; String                                                             ;
; duty_cycle3                          ; 50                     ; Signed Integer                                                     ;
; output_clock_frequency4              ; 0 MHz                  ; String                                                             ;
; phase_shift4                         ; 0 ps                   ; String                                                             ;
; duty_cycle4                          ; 50                     ; Signed Integer                                                     ;
; output_clock_frequency5              ; 0 MHz                  ; String                                                             ;
; phase_shift5                         ; 0 ps                   ; String                                                             ;
; duty_cycle5                          ; 50                     ; Signed Integer                                                     ;
; output_clock_frequency6              ; 0 MHz                  ; String                                                             ;
; phase_shift6                         ; 0 ps                   ; String                                                             ;
; duty_cycle6                          ; 50                     ; Signed Integer                                                     ;
; output_clock_frequency7              ; 0 MHz                  ; String                                                             ;
; phase_shift7                         ; 0 ps                   ; String                                                             ;
; duty_cycle7                          ; 50                     ; Signed Integer                                                     ;
; output_clock_frequency8              ; 0 MHz                  ; String                                                             ;
; phase_shift8                         ; 0 ps                   ; String                                                             ;
; duty_cycle8                          ; 50                     ; Signed Integer                                                     ;
; output_clock_frequency9              ; 0 MHz                  ; String                                                             ;
; phase_shift9                         ; 0 ps                   ; String                                                             ;
; duty_cycle9                          ; 50                     ; Signed Integer                                                     ;
; output_clock_frequency10             ; 0 MHz                  ; String                                                             ;
; phase_shift10                        ; 0 ps                   ; String                                                             ;
; duty_cycle10                         ; 50                     ; Signed Integer                                                     ;
; output_clock_frequency11             ; 0 MHz                  ; String                                                             ;
; phase_shift11                        ; 0 ps                   ; String                                                             ;
; duty_cycle11                         ; 50                     ; Signed Integer                                                     ;
; output_clock_frequency12             ; 0 MHz                  ; String                                                             ;
; phase_shift12                        ; 0 ps                   ; String                                                             ;
; duty_cycle12                         ; 50                     ; Signed Integer                                                     ;
; output_clock_frequency13             ; 0 MHz                  ; String                                                             ;
; phase_shift13                        ; 0 ps                   ; String                                                             ;
; duty_cycle13                         ; 50                     ; Signed Integer                                                     ;
; output_clock_frequency14             ; 0 MHz                  ; String                                                             ;
; phase_shift14                        ; 0 ps                   ; String                                                             ;
; duty_cycle14                         ; 50                     ; Signed Integer                                                     ;
; output_clock_frequency15             ; 0 MHz                  ; String                                                             ;
; phase_shift15                        ; 0 ps                   ; String                                                             ;
; duty_cycle15                         ; 50                     ; Signed Integer                                                     ;
; output_clock_frequency16             ; 0 MHz                  ; String                                                             ;
; phase_shift16                        ; 0 ps                   ; String                                                             ;
; duty_cycle16                         ; 50                     ; Signed Integer                                                     ;
; output_clock_frequency17             ; 0 MHz                  ; String                                                             ;
; phase_shift17                        ; 0 ps                   ; String                                                             ;
; duty_cycle17                         ; 50                     ; Signed Integer                                                     ;
; clock_name_0                         ;                        ; String                                                             ;
; clock_name_1                         ;                        ; String                                                             ;
; clock_name_2                         ;                        ; String                                                             ;
; clock_name_3                         ;                        ; String                                                             ;
; clock_name_4                         ;                        ; String                                                             ;
; clock_name_5                         ;                        ; String                                                             ;
; clock_name_6                         ;                        ; String                                                             ;
; clock_name_7                         ;                        ; String                                                             ;
; clock_name_8                         ;                        ; String                                                             ;
; clock_name_global_0                  ; false                  ; String                                                             ;
; clock_name_global_1                  ; false                  ; String                                                             ;
; clock_name_global_2                  ; false                  ; String                                                             ;
; clock_name_global_3                  ; false                  ; String                                                             ;
; clock_name_global_4                  ; false                  ; String                                                             ;
; clock_name_global_5                  ; false                  ; String                                                             ;
; clock_name_global_6                  ; false                  ; String                                                             ;
; clock_name_global_7                  ; false                  ; String                                                             ;
; clock_name_global_8                  ; false                  ; String                                                             ;
; m_cnt_hi_div                         ; 1                      ; Signed Integer                                                     ;
; m_cnt_lo_div                         ; 1                      ; Signed Integer                                                     ;
; m_cnt_bypass_en                      ; false                  ; String                                                             ;
; m_cnt_odd_div_duty_en                ; false                  ; String                                                             ;
; n_cnt_hi_div                         ; 1                      ; Signed Integer                                                     ;
; n_cnt_lo_div                         ; 1                      ; Signed Integer                                                     ;
; n_cnt_bypass_en                      ; false                  ; String                                                             ;
; n_cnt_odd_div_duty_en                ; false                  ; String                                                             ;
; c_cnt_hi_div0                        ; 1                      ; Signed Integer                                                     ;
; c_cnt_lo_div0                        ; 1                      ; Signed Integer                                                     ;
; c_cnt_bypass_en0                     ; false                  ; String                                                             ;
; c_cnt_in_src0                        ; ph_mux_clk             ; String                                                             ;
; c_cnt_odd_div_duty_en0               ; false                  ; String                                                             ;
; c_cnt_prst0                          ; 1                      ; Signed Integer                                                     ;
; c_cnt_ph_mux_prst0                   ; 0                      ; Signed Integer                                                     ;
; c_cnt_hi_div1                        ; 1                      ; Signed Integer                                                     ;
; c_cnt_lo_div1                        ; 1                      ; Signed Integer                                                     ;
; c_cnt_bypass_en1                     ; false                  ; String                                                             ;
; c_cnt_in_src1                        ; ph_mux_clk             ; String                                                             ;
; c_cnt_odd_div_duty_en1               ; false                  ; String                                                             ;
; c_cnt_prst1                          ; 1                      ; Signed Integer                                                     ;
; c_cnt_ph_mux_prst1                   ; 0                      ; Signed Integer                                                     ;
; c_cnt_hi_div2                        ; 1                      ; Signed Integer                                                     ;
; c_cnt_lo_div2                        ; 1                      ; Signed Integer                                                     ;
; c_cnt_bypass_en2                     ; false                  ; String                                                             ;
; c_cnt_in_src2                        ; ph_mux_clk             ; String                                                             ;
; c_cnt_odd_div_duty_en2               ; false                  ; String                                                             ;
; c_cnt_prst2                          ; 1                      ; Signed Integer                                                     ;
; c_cnt_ph_mux_prst2                   ; 0                      ; Signed Integer                                                     ;
; c_cnt_hi_div3                        ; 1                      ; Signed Integer                                                     ;
; c_cnt_lo_div3                        ; 1                      ; Signed Integer                                                     ;
; c_cnt_bypass_en3                     ; false                  ; String                                                             ;
; c_cnt_in_src3                        ; ph_mux_clk             ; String                                                             ;
; c_cnt_odd_div_duty_en3               ; false                  ; String                                                             ;
; c_cnt_prst3                          ; 1                      ; Signed Integer                                                     ;
; c_cnt_ph_mux_prst3                   ; 0                      ; Signed Integer                                                     ;
; c_cnt_hi_div4                        ; 1                      ; Signed Integer                                                     ;
; c_cnt_lo_div4                        ; 1                      ; Signed Integer                                                     ;
; c_cnt_bypass_en4                     ; false                  ; String                                                             ;
; c_cnt_in_src4                        ; ph_mux_clk             ; String                                                             ;
; c_cnt_odd_div_duty_en4               ; false                  ; String                                                             ;
; c_cnt_prst4                          ; 1                      ; Signed Integer                                                     ;
; c_cnt_ph_mux_prst4                   ; 0                      ; Signed Integer                                                     ;
; c_cnt_hi_div5                        ; 1                      ; Signed Integer                                                     ;
; c_cnt_lo_div5                        ; 1                      ; Signed Integer                                                     ;
; c_cnt_bypass_en5                     ; false                  ; String                                                             ;
; c_cnt_in_src5                        ; ph_mux_clk             ; String                                                             ;
; c_cnt_odd_div_duty_en5               ; false                  ; String                                                             ;
; c_cnt_prst5                          ; 1                      ; Signed Integer                                                     ;
; c_cnt_ph_mux_prst5                   ; 0                      ; Signed Integer                                                     ;
; c_cnt_hi_div6                        ; 1                      ; Signed Integer                                                     ;
; c_cnt_lo_div6                        ; 1                      ; Signed Integer                                                     ;
; c_cnt_bypass_en6                     ; false                  ; String                                                             ;
; c_cnt_in_src6                        ; ph_mux_clk             ; String                                                             ;
; c_cnt_odd_div_duty_en6               ; false                  ; String                                                             ;
; c_cnt_prst6                          ; 1                      ; Signed Integer                                                     ;
; c_cnt_ph_mux_prst6                   ; 0                      ; Signed Integer                                                     ;
; c_cnt_hi_div7                        ; 1                      ; Signed Integer                                                     ;
; c_cnt_lo_div7                        ; 1                      ; Signed Integer                                                     ;
; c_cnt_bypass_en7                     ; false                  ; String                                                             ;
; c_cnt_in_src7                        ; ph_mux_clk             ; String                                                             ;
; c_cnt_odd_div_duty_en7               ; false                  ; String                                                             ;
; c_cnt_prst7                          ; 1                      ; Signed Integer                                                     ;
; c_cnt_ph_mux_prst7                   ; 0                      ; Signed Integer                                                     ;
; c_cnt_hi_div8                        ; 1                      ; Signed Integer                                                     ;
; c_cnt_lo_div8                        ; 1                      ; Signed Integer                                                     ;
; c_cnt_bypass_en8                     ; false                  ; String                                                             ;
; c_cnt_in_src8                        ; ph_mux_clk             ; String                                                             ;
; c_cnt_odd_div_duty_en8               ; false                  ; String                                                             ;
; c_cnt_prst8                          ; 1                      ; Signed Integer                                                     ;
; c_cnt_ph_mux_prst8                   ; 0                      ; Signed Integer                                                     ;
; c_cnt_hi_div9                        ; 1                      ; Signed Integer                                                     ;
; c_cnt_lo_div9                        ; 1                      ; Signed Integer                                                     ;
; c_cnt_bypass_en9                     ; false                  ; String                                                             ;
; c_cnt_in_src9                        ; ph_mux_clk             ; String                                                             ;
; c_cnt_odd_div_duty_en9               ; false                  ; String                                                             ;
; c_cnt_prst9                          ; 1                      ; Signed Integer                                                     ;
; c_cnt_ph_mux_prst9                   ; 0                      ; Signed Integer                                                     ;
; c_cnt_hi_div10                       ; 1                      ; Signed Integer                                                     ;
; c_cnt_lo_div10                       ; 1                      ; Signed Integer                                                     ;
; c_cnt_bypass_en10                    ; false                  ; String                                                             ;
; c_cnt_in_src10                       ; ph_mux_clk             ; String                                                             ;
; c_cnt_odd_div_duty_en10              ; false                  ; String                                                             ;
; c_cnt_prst10                         ; 1                      ; Signed Integer                                                     ;
; c_cnt_ph_mux_prst10                  ; 0                      ; Signed Integer                                                     ;
; c_cnt_hi_div11                       ; 1                      ; Signed Integer                                                     ;
; c_cnt_lo_div11                       ; 1                      ; Signed Integer                                                     ;
; c_cnt_bypass_en11                    ; false                  ; String                                                             ;
; c_cnt_in_src11                       ; ph_mux_clk             ; String                                                             ;
; c_cnt_odd_div_duty_en11              ; false                  ; String                                                             ;
; c_cnt_prst11                         ; 1                      ; Signed Integer                                                     ;
; c_cnt_ph_mux_prst11                  ; 0                      ; Signed Integer                                                     ;
; c_cnt_hi_div12                       ; 1                      ; Signed Integer                                                     ;
; c_cnt_lo_div12                       ; 1                      ; Signed Integer                                                     ;
; c_cnt_bypass_en12                    ; false                  ; String                                                             ;
; c_cnt_in_src12                       ; ph_mux_clk             ; String                                                             ;
; c_cnt_odd_div_duty_en12              ; false                  ; String                                                             ;
; c_cnt_prst12                         ; 1                      ; Signed Integer                                                     ;
; c_cnt_ph_mux_prst12                  ; 0                      ; Signed Integer                                                     ;
; c_cnt_hi_div13                       ; 1                      ; Signed Integer                                                     ;
; c_cnt_lo_div13                       ; 1                      ; Signed Integer                                                     ;
; c_cnt_bypass_en13                    ; false                  ; String                                                             ;
; c_cnt_in_src13                       ; ph_mux_clk             ; String                                                             ;
; c_cnt_odd_div_duty_en13              ; false                  ; String                                                             ;
; c_cnt_prst13                         ; 1                      ; Signed Integer                                                     ;
; c_cnt_ph_mux_prst13                  ; 0                      ; Signed Integer                                                     ;
; c_cnt_hi_div14                       ; 1                      ; Signed Integer                                                     ;
; c_cnt_lo_div14                       ; 1                      ; Signed Integer                                                     ;
; c_cnt_bypass_en14                    ; false                  ; String                                                             ;
; c_cnt_in_src14                       ; ph_mux_clk             ; String                                                             ;
; c_cnt_odd_div_duty_en14              ; false                  ; String                                                             ;
; c_cnt_prst14                         ; 1                      ; Signed Integer                                                     ;
; c_cnt_ph_mux_prst14                  ; 0                      ; Signed Integer                                                     ;
; c_cnt_hi_div15                       ; 1                      ; Signed Integer                                                     ;
; c_cnt_lo_div15                       ; 1                      ; Signed Integer                                                     ;
; c_cnt_bypass_en15                    ; false                  ; String                                                             ;
; c_cnt_in_src15                       ; ph_mux_clk             ; String                                                             ;
; c_cnt_odd_div_duty_en15              ; false                  ; String                                                             ;
; c_cnt_prst15                         ; 1                      ; Signed Integer                                                     ;
; c_cnt_ph_mux_prst15                  ; 0                      ; Signed Integer                                                     ;
; c_cnt_hi_div16                       ; 1                      ; Signed Integer                                                     ;
; c_cnt_lo_div16                       ; 1                      ; Signed Integer                                                     ;
; c_cnt_bypass_en16                    ; false                  ; String                                                             ;
; c_cnt_in_src16                       ; ph_mux_clk             ; String                                                             ;
; c_cnt_odd_div_duty_en16              ; false                  ; String                                                             ;
; c_cnt_prst16                         ; 1                      ; Signed Integer                                                     ;
; c_cnt_ph_mux_prst16                  ; 0                      ; Signed Integer                                                     ;
; c_cnt_hi_div17                       ; 1                      ; Signed Integer                                                     ;
; c_cnt_lo_div17                       ; 1                      ; Signed Integer                                                     ;
; c_cnt_bypass_en17                    ; false                  ; String                                                             ;
; c_cnt_in_src17                       ; ph_mux_clk             ; String                                                             ;
; c_cnt_odd_div_duty_en17              ; false                  ; String                                                             ;
; c_cnt_prst17                         ; 1                      ; Signed Integer                                                     ;
; c_cnt_ph_mux_prst17                  ; 0                      ; Signed Integer                                                     ;
; pll_vco_div                          ; 1                      ; Signed Integer                                                     ;
; pll_slf_rst                          ; false                  ; String                                                             ;
; pll_bw_sel                           ; low                    ; String                                                             ;
; pll_output_clk_frequency             ; 0 MHz                  ; String                                                             ;
; pll_cp_current                       ; 0                      ; Signed Integer                                                     ;
; pll_bwctrl                           ; 0                      ; Signed Integer                                                     ;
; pll_fractional_division              ; 1                      ; Signed Integer                                                     ;
; pll_fractional_cout                  ; 24                     ; Signed Integer                                                     ;
; pll_dsm_out_sel                      ; 1st_order              ; String                                                             ;
; mimic_fbclk_type                     ; gclk                   ; String                                                             ;
; pll_fbclk_mux_1                      ; glb                    ; String                                                             ;
; pll_fbclk_mux_2                      ; fb_1                   ; String                                                             ;
; pll_m_cnt_in_src                     ; ph_mux_clk             ; String                                                             ;
; pll_vcoph_div                        ; 1                      ; Signed Integer                                                     ;
; refclk1_frequency                    ; 0 MHz                  ; String                                                             ;
; pll_clkin_0_src                      ; clk_0                  ; String                                                             ;
; pll_clkin_1_src                      ; clk_0                  ; String                                                             ;
; pll_clk_loss_sw_en                   ; false                  ; String                                                             ;
; pll_auto_clk_sw_en                   ; false                  ; String                                                             ;
; pll_manu_clk_sw_en                   ; false                  ; String                                                             ;
; pll_clk_sw_dly                       ; 0                      ; Signed Integer                                                     ;
; pll_extclk_0_cnt_src                 ; pll_extclk_cnt_src_vss ; String                                                             ;
; pll_extclk_1_cnt_src                 ; pll_extclk_cnt_src_vss ; String                                                             ;
+--------------------------------------+------------------------+--------------------------------------------------------------------+
Note: In order to hide this table in the UI and the text report file, please set the "Show Parameter Settings in Synthesis Report" option in "Analysis and Synthesis Settings -> More Settings" to "Off".


+----------------------------------------------------------------------------------------------+
; Parameter Settings for Inferred Entity Instance: fr_buf:u_fr_buf|altsyncram:ram_rtl_0        ;
+------------------------------------+----------------------------------------+----------------+
; Parameter Name                     ; Value                                  ; Type           ;
+------------------------------------+----------------------------------------+----------------+
; BYTE_SIZE_BLOCK                    ; 8                                      ; Untyped        ;
; AUTO_CARRY_CHAINS                  ; ON                                     ; AUTO_CARRY     ;
; IGNORE_CARRY_BUFFERS               ; OFF                                    ; IGNORE_CARRY   ;
; AUTO_CASCADE_CHAINS                ; ON                                     ; AUTO_CASCADE   ;
; IGNORE_CASCADE_BUFFERS             ; OFF                                    ; IGNORE_CASCADE ;
; WIDTH_BYTEENA                      ; 1                                      ; Untyped        ;
; OPERATION_MODE                     ; DUAL_PORT                              ; Untyped        ;
; WIDTH_A                            ; 8                                      ; Untyped        ;
; WIDTHAD_A                          ; 8                                      ; Untyped        ;
; NUMWORDS_A                         ; 256                                    ; Untyped        ;
; OUTDATA_REG_A                      ; UNREGISTERED                           ; Untyped        ;
; ADDRESS_ACLR_A                     ; NONE                                   ; Untyped        ;
; OUTDATA_ACLR_A                     ; NONE                                   ; Untyped        ;
; WRCONTROL_ACLR_A                   ; NONE                                   ; Untyped        ;
; INDATA_ACLR_A                      ; NONE                                   ; Untyped        ;
; BYTEENA_ACLR_A                     ; NONE                                   ; Untyped        ;
; WIDTH_B                            ; 8                                      ; Untyped        ;
; WIDTHAD_B                          ; 8                                      ; Untyped        ;
; NUMWORDS_B                         ; 256                                    ; Untyped        ;
; INDATA_REG_B                       ; CLOCK1                                 ; Untyped        ;
; WRCONTROL_WRADDRESS_REG_B          ; CLOCK1                                 ; Untyped        ;
; RDCONTROL_REG_B                    ; CLOCK1                                 ; Untyped        ;
; ADDRESS_REG_B                      ; CLOCK1                                 ; Untyped        ;
; OUTDATA_REG_B                      ; UNREGISTERED                           ; Untyped        ;
; BYTEENA_REG_B                      ; CLOCK1                                 ; Untyped        ;
; INDATA_ACLR_B                      ; NONE                                   ; Untyped        ;
; WRCONTROL_ACLR_B                   ; NONE                                   ; Untyped        ;
; ADDRESS_ACLR_B                     ; NONE                                   ; Untyped        ;
; OUTDATA_ACLR_B                     ; NONE                                   ; Untyped        ;
; RDCONTROL_ACLR_B                   ; NONE                                   ; Untyped        ;
; BYTEENA_ACLR_B                     ; NONE                                   ; Untyped        ;
; WIDTH_BYTEENA_A                    ; 1                                      ; Untyped        ;
; WIDTH_BYTEENA_B                    ; 1                                      ; Untyped        ;
; RAM_BLOCK_TYPE                     ; AUTO                                   ; Untyped        ;
; BYTE_SIZE                          ; 8                                      ; Untyped        ;
; READ_DURING_WRITE_MODE_MIXED_PORTS ; DONT_CARE                              ; Untyped        ;
; READ_DURING_WRITE_MODE_PORT_A      ; NEW_DATA_NO_NBE_READ                   ; Untyped        ;
; READ_DURING_WRITE_MODE_PORT_B      ; NEW_DATA_NO_NBE_READ                   ; Untyped        ;
; INIT_FILE                          ; db/2d_conv.ram0_fr_buf_a78ea25.hdl.mif ; Untyped        ;
; INIT_FILE_LAYOUT                   ; PORT_A                                 ; Untyped        ;
; MAXIMUM_DEPTH                      ; 0                                      ; Untyped        ;
; CLOCK_ENABLE_INPUT_A               ; NORMAL                                 ; Untyped        ;
; CLOCK_ENABLE_INPUT_B               ; NORMAL                                 ; Untyped        ;
; CLOCK_ENABLE_OUTPUT_A              ; NORMAL                                 ; Untyped        ;
; CLOCK_ENABLE_OUTPUT_B              ; NORMAL                                 ; Untyped        ;
; CLOCK_ENABLE_CORE_A                ; USE_INPUT_CLKEN                        ; Untyped        ;
; CLOCK_ENABLE_CORE_B                ; USE_INPUT_CLKEN                        ; Untyped        ;
; ENABLE_ECC                         ; FALSE                                  ; Untyped        ;
; ECC_PIPELINE_STAGE_ENABLED         ; FALSE                                  ; Untyped        ;
; WIDTH_ECCSTATUS                    ; 3                                      ; Untyped        ;
; DEVICE_FAMILY                      ; Cyclone V                              ; Untyped        ;
; CBXI_PARAMETER                     ; altsyncram_hjn1                        ; Untyped        ;
+------------------------------------+----------------------------------------+----------------+
Note: In order to hide this table in the UI and the text report file, please set the "Show Parameter Settings in Synthesis Report" option in "Analysis and Synthesis Settings -> More Settings" to "Off".


+-----------------------------------------------------------------------------------------------------------------------------+
; Parameter Settings for Inferred Entity Instance: conv_top:u_conv_top|image_bram:u_image_bram|altsyncram:image_mem_top_rtl_0 ;
+------------------------------------+---------------------------------------------+------------------------------------------+
; Parameter Name                     ; Value                                       ; Type                                     ;
+------------------------------------+---------------------------------------------+------------------------------------------+
; BYTE_SIZE_BLOCK                    ; 8                                           ; Untyped                                  ;
; AUTO_CARRY_CHAINS                  ; ON                                          ; AUTO_CARRY                               ;
; IGNORE_CARRY_BUFFERS               ; OFF                                         ; IGNORE_CARRY                             ;
; AUTO_CASCADE_CHAINS                ; ON                                          ; AUTO_CASCADE                             ;
; IGNORE_CASCADE_BUFFERS             ; OFF                                         ; IGNORE_CASCADE                           ;
; WIDTH_BYTEENA                      ; 1                                           ; Untyped                                  ;
; OPERATION_MODE                     ; ROM                                         ; Untyped                                  ;
; WIDTH_A                            ; 8                                           ; Untyped                                  ;
; WIDTHAD_A                          ; 8                                           ; Untyped                                  ;
; NUMWORDS_A                         ; 256                                         ; Untyped                                  ;
; OUTDATA_REG_A                      ; UNREGISTERED                                ; Untyped                                  ;
; ADDRESS_ACLR_A                     ; NONE                                        ; Untyped                                  ;
; OUTDATA_ACLR_A                     ; NONE                                        ; Untyped                                  ;
; WRCONTROL_ACLR_A                   ; NONE                                        ; Untyped                                  ;
; INDATA_ACLR_A                      ; NONE                                        ; Untyped                                  ;
; BYTEENA_ACLR_A                     ; NONE                                        ; Untyped                                  ;
; WIDTH_B                            ; 1                                           ; Untyped                                  ;
; WIDTHAD_B                          ; 1                                           ; Untyped                                  ;
; NUMWORDS_B                         ; 1                                           ; Untyped                                  ;
; INDATA_REG_B                       ; CLOCK1                                      ; Untyped                                  ;
; WRCONTROL_WRADDRESS_REG_B          ; CLOCK1                                      ; Untyped                                  ;
; RDCONTROL_REG_B                    ; CLOCK1                                      ; Untyped                                  ;
; ADDRESS_REG_B                      ; CLOCK1                                      ; Untyped                                  ;
; OUTDATA_REG_B                      ; UNREGISTERED                                ; Untyped                                  ;
; BYTEENA_REG_B                      ; CLOCK1                                      ; Untyped                                  ;
; INDATA_ACLR_B                      ; NONE                                        ; Untyped                                  ;
; WRCONTROL_ACLR_B                   ; NONE                                        ; Untyped                                  ;
; ADDRESS_ACLR_B                     ; NONE                                        ; Untyped                                  ;
; OUTDATA_ACLR_B                     ; NONE                                        ; Untyped                                  ;
; RDCONTROL_ACLR_B                   ; NONE                                        ; Untyped                                  ;
; BYTEENA_ACLR_B                     ; NONE                                        ; Untyped                                  ;
; WIDTH_BYTEENA_A                    ; 1                                           ; Untyped                                  ;
; WIDTH_BYTEENA_B                    ; 1                                           ; Untyped                                  ;
; RAM_BLOCK_TYPE                     ; M10K                                        ; Untyped                                  ;
; BYTE_SIZE                          ; 8                                           ; Untyped                                  ;
; READ_DURING_WRITE_MODE_MIXED_PORTS ; DONT_CARE                                   ; Untyped                                  ;
; READ_DURING_WRITE_MODE_PORT_A      ; NEW_DATA_NO_NBE_READ                        ; Untyped                                  ;
; READ_DURING_WRITE_MODE_PORT_B      ; NEW_DATA_NO_NBE_READ                        ; Untyped                                  ;
; INIT_FILE                          ; db/2d_conv.ram0_image_bram_1da70156.hdl.mif ; Untyped                                  ;
; INIT_FILE_LAYOUT                   ; PORT_A                                      ; Untyped                                  ;
; MAXIMUM_DEPTH                      ; 0                                           ; Untyped                                  ;
; CLOCK_ENABLE_INPUT_A               ; NORMAL                                      ; Untyped                                  ;
; CLOCK_ENABLE_INPUT_B               ; NORMAL                                      ; Untyped                                  ;
; CLOCK_ENABLE_OUTPUT_A              ; NORMAL                                      ; Untyped                                  ;
; CLOCK_ENABLE_OUTPUT_B              ; NORMAL                                      ; Untyped                                  ;
; CLOCK_ENABLE_CORE_A                ; USE_INPUT_CLKEN                             ; Untyped                                  ;
; CLOCK_ENABLE_CORE_B                ; USE_INPUT_CLKEN                             ; Untyped                                  ;
; ENABLE_ECC                         ; FALSE                                       ; Untyped                                  ;
; ECC_PIPELINE_STAGE_ENABLED         ; FALSE                                       ; Untyped                                  ;
; WIDTH_ECCSTATUS                    ; 3                                           ; Untyped                                  ;
; DEVICE_FAMILY                      ; Cyclone V                                   ; Untyped                                  ;
; CBXI_PARAMETER                     ; altsyncram_37f1                             ; Untyped                                  ;
+------------------------------------+---------------------------------------------+------------------------------------------+
Note: In order to hide this table in the UI and the text report file, please set the "Show Parameter Settings in Synthesis Report" option in "Analysis and Synthesis Settings -> More Settings" to "Off".


+-----------------------------------------------------------------------------------------------------------------------------+
; Parameter Settings for Inferred Entity Instance: conv_top:u_conv_top|image_bram:u_image_bram|altsyncram:image_mem_mid_rtl_0 ;
+------------------------------------+---------------------------------------------+------------------------------------------+
; Parameter Name                     ; Value                                       ; Type                                     ;
+------------------------------------+---------------------------------------------+------------------------------------------+
; BYTE_SIZE_BLOCK                    ; 8                                           ; Untyped                                  ;
; AUTO_CARRY_CHAINS                  ; ON                                          ; AUTO_CARRY                               ;
; IGNORE_CARRY_BUFFERS               ; OFF                                         ; IGNORE_CARRY                             ;
; AUTO_CASCADE_CHAINS                ; ON                                          ; AUTO_CASCADE                             ;
; IGNORE_CASCADE_BUFFERS             ; OFF                                         ; IGNORE_CASCADE                           ;
; WIDTH_BYTEENA                      ; 1                                           ; Untyped                                  ;
; OPERATION_MODE                     ; ROM                                         ; Untyped                                  ;
; WIDTH_A                            ; 8                                           ; Untyped                                  ;
; WIDTHAD_A                          ; 8                                           ; Untyped                                  ;
; NUMWORDS_A                         ; 256                                         ; Untyped                                  ;
; OUTDATA_REG_A                      ; UNREGISTERED                                ; Untyped                                  ;
; ADDRESS_ACLR_A                     ; NONE                                        ; Untyped                                  ;
; OUTDATA_ACLR_A                     ; NONE                                        ; Untyped                                  ;
; WRCONTROL_ACLR_A                   ; NONE                                        ; Untyped                                  ;
; INDATA_ACLR_A                      ; NONE                                        ; Untyped                                  ;
; BYTEENA_ACLR_A                     ; NONE                                        ; Untyped                                  ;
; WIDTH_B                            ; 1                                           ; Untyped                                  ;
; WIDTHAD_B                          ; 1                                           ; Untyped                                  ;
; NUMWORDS_B                         ; 1                                           ; Untyped                                  ;
; INDATA_REG_B                       ; CLOCK1                                      ; Untyped                                  ;
; WRCONTROL_WRADDRESS_REG_B          ; CLOCK1                                      ; Untyped                                  ;
; RDCONTROL_REG_B                    ; CLOCK1                                      ; Untyped                                  ;
; ADDRESS_REG_B                      ; CLOCK1                                      ; Untyped                                  ;
; OUTDATA_REG_B                      ; UNREGISTERED                                ; Untyped                                  ;
; BYTEENA_REG_B                      ; CLOCK1                                      ; Untyped                                  ;
; INDATA_ACLR_B                      ; NONE                                        ; Untyped                                  ;
; WRCONTROL_ACLR_B                   ; NONE                                        ; Untyped                                  ;
; ADDRESS_ACLR_B                     ; NONE                                        ; Untyped                                  ;
; OUTDATA_ACLR_B                     ; NONE                                        ; Untyped                                  ;
; RDCONTROL_ACLR_B                   ; NONE                                        ; Untyped                                  ;
; BYTEENA_ACLR_B                     ; NONE                                        ; Untyped                                  ;
; WIDTH_BYTEENA_A                    ; 1                                           ; Untyped                                  ;
; WIDTH_BYTEENA_B                    ; 1                                           ; Untyped                                  ;
; RAM_BLOCK_TYPE                     ; M10K                                        ; Untyped                                  ;
; BYTE_SIZE                          ; 8                                           ; Untyped                                  ;
; READ_DURING_WRITE_MODE_MIXED_PORTS ; DONT_CARE                                   ; Untyped                                  ;
; READ_DURING_WRITE_MODE_PORT_A      ; NEW_DATA_NO_NBE_READ                        ; Untyped                                  ;
; READ_DURING_WRITE_MODE_PORT_B      ; NEW_DATA_NO_NBE_READ                        ; Untyped                                  ;
; INIT_FILE                          ; db/2d_conv.ram1_image_bram_1da70156.hdl.mif ; Untyped                                  ;
; INIT_FILE_LAYOUT                   ; PORT_A                                      ; Untyped                                  ;
; MAXIMUM_DEPTH                      ; 0                                           ; Untyped                                  ;
; CLOCK_ENABLE_INPUT_A               ; NORMAL                                      ; Untyped                                  ;
; CLOCK_ENABLE_INPUT_B               ; NORMAL                                      ; Untyped                                  ;
; CLOCK_ENABLE_OUTPUT_A              ; NORMAL                                      ; Untyped                                  ;
; CLOCK_ENABLE_OUTPUT_B              ; NORMAL                                      ; Untyped                                  ;
; CLOCK_ENABLE_CORE_A                ; USE_INPUT_CLKEN                             ; Untyped                                  ;
; CLOCK_ENABLE_CORE_B                ; USE_INPUT_CLKEN                             ; Untyped                                  ;
; ENABLE_ECC                         ; FALSE                                       ; Untyped                                  ;
; ECC_PIPELINE_STAGE_ENABLED         ; FALSE                                       ; Untyped                                  ;
; WIDTH_ECCSTATUS                    ; 3                                           ; Untyped                                  ;
; DEVICE_FAMILY                      ; Cyclone V                                   ; Untyped                                  ;
; CBXI_PARAMETER                     ; altsyncram_47f1                             ; Untyped                                  ;
+------------------------------------+---------------------------------------------+------------------------------------------+
Note: In order to hide this table in the UI and the text report file, please set the "Show Parameter Settings in Synthesis Report" option in "Analysis and Synthesis Settings -> More Settings" to "Off".


+-----------------------------------------------------------------------------------------------------------------------------+
; Parameter Settings for Inferred Entity Instance: conv_top:u_conv_top|image_bram:u_image_bram|altsyncram:image_mem_bot_rtl_0 ;
+------------------------------------+---------------------------------------------+------------------------------------------+
; Parameter Name                     ; Value                                       ; Type                                     ;
+------------------------------------+---------------------------------------------+------------------------------------------+
; BYTE_SIZE_BLOCK                    ; 8                                           ; Untyped                                  ;
; AUTO_CARRY_CHAINS                  ; ON                                          ; AUTO_CARRY                               ;
; IGNORE_CARRY_BUFFERS               ; OFF                                         ; IGNORE_CARRY                             ;
; AUTO_CASCADE_CHAINS                ; ON                                          ; AUTO_CASCADE                             ;
; IGNORE_CASCADE_BUFFERS             ; OFF                                         ; IGNORE_CASCADE                           ;
; WIDTH_BYTEENA                      ; 1                                           ; Untyped                                  ;
; OPERATION_MODE                     ; ROM                                         ; Untyped                                  ;
; WIDTH_A                            ; 8                                           ; Untyped                                  ;
; WIDTHAD_A                          ; 8                                           ; Untyped                                  ;
; NUMWORDS_A                         ; 256                                         ; Untyped                                  ;
; OUTDATA_REG_A                      ; UNREGISTERED                                ; Untyped                                  ;
; ADDRESS_ACLR_A                     ; NONE                                        ; Untyped                                  ;
; OUTDATA_ACLR_A                     ; NONE                                        ; Untyped                                  ;
; WRCONTROL_ACLR_A                   ; NONE                                        ; Untyped                                  ;
; INDATA_ACLR_A                      ; NONE                                        ; Untyped                                  ;
; BYTEENA_ACLR_A                     ; NONE                                        ; Untyped                                  ;
; WIDTH_B                            ; 1                                           ; Untyped                                  ;
; WIDTHAD_B                          ; 1                                           ; Untyped                                  ;
; NUMWORDS_B                         ; 1                                           ; Untyped                                  ;
; INDATA_REG_B                       ; CLOCK1                                      ; Untyped                                  ;
; WRCONTROL_WRADDRESS_REG_B          ; CLOCK1                                      ; Untyped                                  ;
; RDCONTROL_REG_B                    ; CLOCK1                                      ; Untyped                                  ;
; ADDRESS_REG_B                      ; CLOCK1                                      ; Untyped                                  ;
; OUTDATA_REG_B                      ; UNREGISTERED                                ; Untyped                                  ;
; BYTEENA_REG_B                      ; CLOCK1                                      ; Untyped                                  ;
; INDATA_ACLR_B                      ; NONE                                        ; Untyped                                  ;
; WRCONTROL_ACLR_B                   ; NONE                                        ; Untyped                                  ;
; ADDRESS_ACLR_B                     ; NONE                                        ; Untyped                                  ;
; OUTDATA_ACLR_B                     ; NONE                                        ; Untyped                                  ;
; RDCONTROL_ACLR_B                   ; NONE                                        ; Untyped                                  ;
; BYTEENA_ACLR_B                     ; NONE                                        ; Untyped                                  ;
; WIDTH_BYTEENA_A                    ; 1                                           ; Untyped                                  ;
; WIDTH_BYTEENA_B                    ; 1                                           ; Untyped                                  ;
; RAM_BLOCK_TYPE                     ; M10K                                        ; Untyped                                  ;
; BYTE_SIZE                          ; 8                                           ; Untyped                                  ;
; READ_DURING_WRITE_MODE_MIXED_PORTS ; DONT_CARE                                   ; Untyped                                  ;
; READ_DURING_WRITE_MODE_PORT_A      ; NEW_DATA_NO_NBE_READ                        ; Untyped                                  ;
; READ_DURING_WRITE_MODE_PORT_B      ; NEW_DATA_NO_NBE_READ                        ; Untyped                                  ;
; INIT_FILE                          ; db/2d_conv.ram2_image_bram_1da70156.hdl.mif ; Untyped                                  ;
; INIT_FILE_LAYOUT                   ; PORT_A                                      ; Untyped                                  ;
; MAXIMUM_DEPTH                      ; 0                                           ; Untyped                                  ;
; CLOCK_ENABLE_INPUT_A               ; NORMAL                                      ; Untyped                                  ;
; CLOCK_ENABLE_INPUT_B               ; NORMAL                                      ; Untyped                                  ;
; CLOCK_ENABLE_OUTPUT_A              ; NORMAL                                      ; Untyped                                  ;
; CLOCK_ENABLE_OUTPUT_B              ; NORMAL                                      ; Untyped                                  ;
; CLOCK_ENABLE_CORE_A                ; USE_INPUT_CLKEN                             ; Untyped                                  ;
; CLOCK_ENABLE_CORE_B                ; USE_INPUT_CLKEN                             ; Untyped                                  ;
; ENABLE_ECC                         ; FALSE                                       ; Untyped                                  ;
; ECC_PIPELINE_STAGE_ENABLED         ; FALSE                                       ; Untyped                                  ;
; WIDTH_ECCSTATUS                    ; 3                                           ; Untyped                                  ;
; DEVICE_FAMILY                      ; Cyclone V                                   ; Untyped                                  ;
; CBXI_PARAMETER                     ; altsyncram_57f1                             ; Untyped                                  ;
+------------------------------------+---------------------------------------------+------------------------------------------+
Note: In order to hide this table in the UI and the text report file, please set the "Show Parameter Settings in Synthesis Report" option in "Analysis and Synthesis Settings -> More Settings" to "Off".


+---------------------------------------------------------------------------------------------------------------------------------------------+
; Parameter Settings for Inferred Entity Instance: conv_top:u_conv_top|adder_tree:u_adder_tree|in9_reg:reg_inst|altshift_taps:shift_reg_rtl_0 ;
+----------------+----------------+-----------------------------------------------------------------------------------------------------------+
; Parameter Name ; Value          ; Type                                                                                                      ;
+----------------+----------------+-----------------------------------------------------------------------------------------------------------+
; WIDTH_BYTEENA  ; 1              ; Untyped                                                                                                   ;
; NUMBER_OF_TAPS ; 1              ; Untyped                                                                                                   ;
; TAP_DISTANCE   ; 3              ; Untyped                                                                                                   ;
; WIDTH          ; 16             ; Untyped                                                                                                   ;
; POWER_UP_STATE ; DONT_CARE      ; Untyped                                                                                                   ;
; CBXI_PARAMETER ; shift_taps_vcv ; Untyped                                                                                                   ;
+----------------+----------------+-----------------------------------------------------------------------------------------------------------+
Note: In order to hide this table in the UI and the text report file, please set the "Show Parameter Settings in Synthesis Report" option in "Analysis and Synthesis Settings -> More Settings" to "Off".


+--------------------------------------------------------------------------------------------------+
; Parameter Settings for Inferred Entity Instance: vga_controller:u_vga_controller|lpm_divide:Div0 ;
+------------------------+----------------+--------------------------------------------------------+
; Parameter Name         ; Value          ; Type                                                   ;
+------------------------+----------------+--------------------------------------------------------+
; LPM_WIDTHN             ; 10             ; Untyped                                                ;
; LPM_WIDTHD             ; 5              ; Untyped                                                ;
; LPM_NREPRESENTATION    ; UNSIGNED       ; Untyped                                                ;
; LPM_DREPRESENTATION    ; UNSIGNED       ; Untyped                                                ;
; LPM_PIPELINE           ; 0              ; Untyped                                                ;
; LPM_REMAINDERPOSITIVE  ; TRUE           ; Untyped                                                ;
; MAXIMIZE_SPEED         ; 5              ; Untyped                                                ;
; CBXI_PARAMETER         ; lpm_divide_fbm ; Untyped                                                ;
; CARRY_CHAIN            ; MANUAL         ; Untyped                                                ;
; OPTIMIZE_FOR_SPEED     ; 5              ; Untyped                                                ;
; AUTO_CARRY_CHAINS      ; ON             ; AUTO_CARRY                                             ;
; IGNORE_CARRY_BUFFERS   ; OFF            ; IGNORE_CARRY                                           ;
; AUTO_CASCADE_CHAINS    ; ON             ; AUTO_CASCADE                                           ;
; IGNORE_CASCADE_BUFFERS ; OFF            ; IGNORE_CASCADE                                         ;
+------------------------+----------------+--------------------------------------------------------+
Note: In order to hide this table in the UI and the text report file, please set the "Show Parameter Settings in Synthesis Report" option in "Analysis and Synthesis Settings -> More Settings" to "Off".


+--------------------------------------------------------------------------------------------------+
; Parameter Settings for Inferred Entity Instance: vga_controller:u_vga_controller|lpm_divide:Div1 ;
+------------------------+----------------+--------------------------------------------------------+
; Parameter Name         ; Value          ; Type                                                   ;
+------------------------+----------------+--------------------------------------------------------+
; LPM_WIDTHN             ; 10             ; Untyped                                                ;
; LPM_WIDTHD             ; 5              ; Untyped                                                ;
; LPM_NREPRESENTATION    ; UNSIGNED       ; Untyped                                                ;
; LPM_DREPRESENTATION    ; UNSIGNED       ; Untyped                                                ;
; LPM_PIPELINE           ; 0              ; Untyped                                                ;
; LPM_REMAINDERPOSITIVE  ; TRUE           ; Untyped                                                ;
; MAXIMIZE_SPEED         ; 5              ; Untyped                                                ;
; CBXI_PARAMETER         ; lpm_divide_fbm ; Untyped                                                ;
; CARRY_CHAIN            ; MANUAL         ; Untyped                                                ;
; OPTIMIZE_FOR_SPEED     ; 5              ; Untyped                                                ;
; AUTO_CARRY_CHAINS      ; ON             ; AUTO_CARRY                                             ;
; IGNORE_CARRY_BUFFERS   ; OFF            ; IGNORE_CARRY                                           ;
; AUTO_CASCADE_CHAINS    ; ON             ; AUTO_CASCADE                                           ;
; IGNORE_CASCADE_BUFFERS ; OFF            ; IGNORE_CASCADE                                         ;
+------------------------+----------------+--------------------------------------------------------+
Note: In order to hide this table in the UI and the text report file, please set the "Show Parameter Settings in Synthesis Report" option in "Analysis and Synthesis Settings -> More Settings" to "Off".


+------------------------------------------------------------------------------------------------------------------------+
; altsyncram Parameter Settings by Entity Instance                                                                       ;
+-------------------------------------------+----------------------------------------------------------------------------+
; Name                                      ; Value                                                                      ;
+-------------------------------------------+----------------------------------------------------------------------------+
; Number of entity instances                ; 4                                                                          ;
; Entity Instance                           ; fr_buf:u_fr_buf|altsyncram:ram_rtl_0                                       ;
;     -- OPERATION_MODE                     ; DUAL_PORT                                                                  ;
;     -- WIDTH_A                            ; 8                                                                          ;
;     -- NUMWORDS_A                         ; 256                                                                        ;
;     -- OUTDATA_REG_A                      ; UNREGISTERED                                                               ;
;     -- WIDTH_B                            ; 8                                                                          ;
;     -- NUMWORDS_B                         ; 256                                                                        ;
;     -- ADDRESS_REG_B                      ; CLOCK1                                                                     ;
;     -- OUTDATA_REG_B                      ; UNREGISTERED                                                               ;
;     -- RAM_BLOCK_TYPE                     ; AUTO                                                                       ;
;     -- READ_DURING_WRITE_MODE_MIXED_PORTS ; DONT_CARE                                                                  ;
; Entity Instance                           ; conv_top:u_conv_top|image_bram:u_image_bram|altsyncram:image_mem_top_rtl_0 ;
;     -- OPERATION_MODE                     ; ROM                                                                        ;
;     -- WIDTH_A                            ; 8                                                                          ;
;     -- NUMWORDS_A                         ; 256                                                                        ;
;     -- OUTDATA_REG_A                      ; UNREGISTERED                                                               ;
;     -- WIDTH_B                            ; 1                                                                          ;
;     -- NUMWORDS_B                         ; 1                                                                          ;
;     -- ADDRESS_REG_B                      ; CLOCK1                                                                     ;
;     -- OUTDATA_REG_B                      ; UNREGISTERED                                                               ;
;     -- RAM_BLOCK_TYPE                     ; M10K                                                                       ;
;     -- READ_DURING_WRITE_MODE_MIXED_PORTS ; DONT_CARE                                                                  ;
; Entity Instance                           ; conv_top:u_conv_top|image_bram:u_image_bram|altsyncram:image_mem_mid_rtl_0 ;
;     -- OPERATION_MODE                     ; ROM                                                                        ;
;     -- WIDTH_A                            ; 8                                                                          ;
;     -- NUMWORDS_A                         ; 256                                                                        ;
;     -- OUTDATA_REG_A                      ; UNREGISTERED                                                               ;
;     -- WIDTH_B                            ; 1                                                                          ;
;     -- NUMWORDS_B                         ; 1                                                                          ;
;     -- ADDRESS_REG_B                      ; CLOCK1                                                                     ;
;     -- OUTDATA_REG_B                      ; UNREGISTERED                                                               ;
;     -- RAM_BLOCK_TYPE                     ; M10K                                                                       ;
;     -- READ_DURING_WRITE_MODE_MIXED_PORTS ; DONT_CARE                                                                  ;
; Entity Instance                           ; conv_top:u_conv_top|image_bram:u_image_bram|altsyncram:image_mem_bot_rtl_0 ;
;     -- OPERATION_MODE                     ; ROM                                                                        ;
;     -- WIDTH_A                            ; 8                                                                          ;
;     -- NUMWORDS_A                         ; 256                                                                        ;
;     -- OUTDATA_REG_A                      ; UNREGISTERED                                                               ;
;     -- WIDTH_B                            ; 1                                                                          ;
;     -- NUMWORDS_B                         ; 1                                                                          ;
;     -- ADDRESS_REG_B                      ; CLOCK1                                                                     ;
;     -- OUTDATA_REG_B                      ; UNREGISTERED                                                               ;
;     -- RAM_BLOCK_TYPE                     ; M10K                                                                       ;
;     -- READ_DURING_WRITE_MODE_MIXED_PORTS ; DONT_CARE                                                                  ;
+-------------------------------------------+----------------------------------------------------------------------------+


+-------------------------------------------------------------------------------------------------------------------------+
; altshift_taps Parameter Settings by Entity Instance                                                                     ;
+----------------------------+--------------------------------------------------------------------------------------------+
; Name                       ; Value                                                                                      ;
+----------------------------+--------------------------------------------------------------------------------------------+
; Number of entity instances ; 1                                                                                          ;
; Entity Instance            ; conv_top:u_conv_top|adder_tree:u_adder_tree|in9_reg:reg_inst|altshift_taps:shift_reg_rtl_0 ;
;     -- NUMBER_OF_TAPS      ; 1                                                                                          ;
;     -- TAP_DISTANCE        ; 3                                                                                          ;
;     -- WIDTH               ; 16                                                                                         ;
+----------------------------+--------------------------------------------------------------------------------------------+


+-------------------------------------------------------------------------------------------------------------+
; Port Connectivity Checks: "conv_top:u_conv_top|adder_tree:u_adder_tree|signed_adder_subtractor:adder_inst8" ;
+---------+-------+----------+--------------------------------------------------------------------------------+
; Port    ; Type  ; Severity ; Details                                                                        ;
+---------+-------+----------+--------------------------------------------------------------------------------+
; add_sub ; Input ; Info     ; Stuck at VCC                                                                   ;
+---------+-------+----------+--------------------------------------------------------------------------------+


+-------------------------------------------------------------------------------------------------------------+
; Port Connectivity Checks: "conv_top:u_conv_top|adder_tree:u_adder_tree|signed_adder_subtractor:adder_inst7" ;
+---------+-------+----------+--------------------------------------------------------------------------------+
; Port    ; Type  ; Severity ; Details                                                                        ;
+---------+-------+----------+--------------------------------------------------------------------------------+
; add_sub ; Input ; Info     ; Stuck at VCC                                                                   ;
+---------+-------+----------+--------------------------------------------------------------------------------+


+-------------------------------------------------------------------------------------------------------------+
; Port Connectivity Checks: "conv_top:u_conv_top|adder_tree:u_adder_tree|signed_adder_subtractor:adder_inst6" ;
+---------+-------+----------+--------------------------------------------------------------------------------+
; Port    ; Type  ; Severity ; Details                                                                        ;
+---------+-------+----------+--------------------------------------------------------------------------------+
; add_sub ; Input ; Info     ; Stuck at VCC                                                                   ;
+---------+-------+----------+--------------------------------------------------------------------------------+


+-------------------------------------------------------------------------------------------------------------+
; Port Connectivity Checks: "conv_top:u_conv_top|adder_tree:u_adder_tree|signed_adder_subtractor:adder_inst5" ;
+---------+-------+----------+--------------------------------------------------------------------------------+
; Port    ; Type  ; Severity ; Details                                                                        ;
+---------+-------+----------+--------------------------------------------------------------------------------+
; add_sub ; Input ; Info     ; Stuck at VCC                                                                   ;
+---------+-------+----------+--------------------------------------------------------------------------------+


+-------------------------------------------------------------------------------------------------------------+
; Port Connectivity Checks: "conv_top:u_conv_top|adder_tree:u_adder_tree|signed_adder_subtractor:adder_inst4" ;
+---------+-------+----------+--------------------------------------------------------------------------------+
; Port    ; Type  ; Severity ; Details                                                                        ;
+---------+-------+----------+--------------------------------------------------------------------------------+
; add_sub ; Input ; Info     ; Stuck at VCC                                                                   ;
+---------+-------+----------+--------------------------------------------------------------------------------+


+-------------------------------------------------------------------------------------------------------------+
; Port Connectivity Checks: "conv_top:u_conv_top|adder_tree:u_adder_tree|signed_adder_subtractor:adder_inst3" ;
+---------+-------+----------+--------------------------------------------------------------------------------+
; Port    ; Type  ; Severity ; Details                                                                        ;
+---------+-------+----------+--------------------------------------------------------------------------------+
; add_sub ; Input ; Info     ; Stuck at VCC                                                                   ;
+---------+-------+----------+--------------------------------------------------------------------------------+


+-------------------------------------------------------------------------------------------------------------+
; Port Connectivity Checks: "conv_top:u_conv_top|adder_tree:u_adder_tree|signed_adder_subtractor:adder_inst2" ;
+---------+-------+----------+--------------------------------------------------------------------------------+
; Port    ; Type  ; Severity ; Details                                                                        ;
+---------+-------+----------+--------------------------------------------------------------------------------+
; add_sub ; Input ; Info     ; Stuck at VCC                                                                   ;
+---------+-------+----------+--------------------------------------------------------------------------------+


+-------------------------------------------------------------------------------------------------------------+
; Port Connectivity Checks: "conv_top:u_conv_top|adder_tree:u_adder_tree|signed_adder_subtractor:adder_inst1" ;
+---------+-------+----------+--------------------------------------------------------------------------------+
; Port    ; Type  ; Severity ; Details                                                                        ;
+---------+-------+----------+--------------------------------------------------------------------------------+
; add_sub ; Input ; Info     ; Stuck at VCC                                                                   ;
+---------+-------+----------+--------------------------------------------------------------------------------+


+---------------------------------------------------------------------------------------------------------------------------------+
; Port Connectivity Checks: "conv_top:u_conv_top|mac_mult_array:u_mac|signed_multiply_with_input_and_output_registers:mult_inst9" ;
+----------+-------+----------+---------------------------------------------------------------------------------------------------+
; Port     ; Type  ; Severity ; Details                                                                                           ;
+----------+-------+----------+---------------------------------------------------------------------------------------------------+
; dataa[8] ; Input ; Info     ; Stuck at GND                                                                                      ;
+----------+-------+----------+---------------------------------------------------------------------------------------------------+


+---------------------------------------------------------------------------------------------------------------------------------+
; Port Connectivity Checks: "conv_top:u_conv_top|mac_mult_array:u_mac|signed_multiply_with_input_and_output_registers:mult_inst8" ;
+----------+-------+----------+---------------------------------------------------------------------------------------------------+
; Port     ; Type  ; Severity ; Details                                                                                           ;
+----------+-------+----------+---------------------------------------------------------------------------------------------------+
; dataa[8] ; Input ; Info     ; Stuck at GND                                                                                      ;
+----------+-------+----------+---------------------------------------------------------------------------------------------------+


+---------------------------------------------------------------------------------------------------------------------------------+
; Port Connectivity Checks: "conv_top:u_conv_top|mac_mult_array:u_mac|signed_multiply_with_input_and_output_registers:mult_inst7" ;
+----------+-------+----------+---------------------------------------------------------------------------------------------------+
; Port     ; Type  ; Severity ; Details                                                                                           ;
+----------+-------+----------+---------------------------------------------------------------------------------------------------+
; dataa[8] ; Input ; Info     ; Stuck at GND                                                                                      ;
+----------+-------+----------+---------------------------------------------------------------------------------------------------+


+---------------------------------------------------------------------------------------------------------------------------------+
; Port Connectivity Checks: "conv_top:u_conv_top|mac_mult_array:u_mac|signed_multiply_with_input_and_output_registers:mult_inst6" ;
+----------+-------+----------+---------------------------------------------------------------------------------------------------+
; Port     ; Type  ; Severity ; Details                                                                                           ;
+----------+-------+----------+---------------------------------------------------------------------------------------------------+
; dataa[8] ; Input ; Info     ; Stuck at GND                                                                                      ;
+----------+-------+----------+---------------------------------------------------------------------------------------------------+


+---------------------------------------------------------------------------------------------------------------------------------+
; Port Connectivity Checks: "conv_top:u_conv_top|mac_mult_array:u_mac|signed_multiply_with_input_and_output_registers:mult_inst5" ;
+----------+-------+----------+---------------------------------------------------------------------------------------------------+
; Port     ; Type  ; Severity ; Details                                                                                           ;
+----------+-------+----------+---------------------------------------------------------------------------------------------------+
; dataa[8] ; Input ; Info     ; Stuck at GND                                                                                      ;
+----------+-------+----------+---------------------------------------------------------------------------------------------------+


+---------------------------------------------------------------------------------------------------------------------------------+
; Port Connectivity Checks: "conv_top:u_conv_top|mac_mult_array:u_mac|signed_multiply_with_input_and_output_registers:mult_inst4" ;
+----------+-------+----------+---------------------------------------------------------------------------------------------------+
; Port     ; Type  ; Severity ; Details                                                                                           ;
+----------+-------+----------+---------------------------------------------------------------------------------------------------+
; dataa[8] ; Input ; Info     ; Stuck at GND                                                                                      ;
+----------+-------+----------+---------------------------------------------------------------------------------------------------+


+---------------------------------------------------------------------------------------------------------------------------------+
; Port Connectivity Checks: "conv_top:u_conv_top|mac_mult_array:u_mac|signed_multiply_with_input_and_output_registers:mult_inst3" ;
+----------+-------+----------+---------------------------------------------------------------------------------------------------+
; Port     ; Type  ; Severity ; Details                                                                                           ;
+----------+-------+----------+---------------------------------------------------------------------------------------------------+
; dataa[8] ; Input ; Info     ; Stuck at GND                                                                                      ;
+----------+-------+----------+---------------------------------------------------------------------------------------------------+


+---------------------------------------------------------------------------------------------------------------------------------+
; Port Connectivity Checks: "conv_top:u_conv_top|mac_mult_array:u_mac|signed_multiply_with_input_and_output_registers:mult_inst2" ;
+----------+-------+----------+---------------------------------------------------------------------------------------------------+
; Port     ; Type  ; Severity ; Details                                                                                           ;
+----------+-------+----------+---------------------------------------------------------------------------------------------------+
; dataa[8] ; Input ; Info     ; Stuck at GND                                                                                      ;
+----------+-------+----------+---------------------------------------------------------------------------------------------------+


+---------------------------------------------------------------------------------------------------------------------------------+
; Port Connectivity Checks: "conv_top:u_conv_top|mac_mult_array:u_mac|signed_multiply_with_input_and_output_registers:mult_inst1" ;
+----------+-------+----------+---------------------------------------------------------------------------------------------------+
; Port     ; Type  ; Severity ; Details                                                                                           ;
+----------+-------+----------+---------------------------------------------------------------------------------------------------+
; dataa[8] ; Input ; Info     ; Stuck at GND                                                                                      ;
+----------+-------+----------+---------------------------------------------------------------------------------------------------+


+-----------------------------------------------------+
; Post-Synthesis Netlist Statistics for Top Partition ;
+-----------------------+-----------------------------+
; Type                  ; Count                       ;
+-----------------------+-----------------------------+
; arriav_ff             ; 525                         ;
;     CLR               ; 81                          ;
;     CLR SCLR          ; 10                          ;
;     ENA CLR           ; 91                          ;
;     ENA CLR SCLR      ; 18                          ;
;     SCLR              ; 1                           ;
;     plain             ; 324                         ;
; arriav_lcell_comb     ; 394                         ;
;     arith             ; 214                         ;
;         0 data inputs ; 22                          ;
;         1 data inputs ; 50                          ;
;         2 data inputs ; 90                          ;
;         3 data inputs ; 33                          ;
;         4 data inputs ; 18                          ;
;         5 data inputs ; 1                           ;
;     normal            ; 168                         ;
;         0 data inputs ; 1                           ;
;         1 data inputs ; 14                          ;
;         2 data inputs ; 38                          ;
;         3 data inputs ; 48                          ;
;         4 data inputs ; 25                          ;
;         5 data inputs ; 24                          ;
;         6 data inputs ; 18                          ;
;     shared            ; 12                          ;
;         0 data inputs ; 2                           ;
;         1 data inputs ; 10                          ;
; arriav_mac            ; 5                           ;
; boundary_port         ; 35                          ;
; generic_pll           ; 1                           ;
; stratixv_ram_block    ; 48                          ;
;                       ;                             ;
; Max LUT depth         ; 14.30                       ;
; Average LUT depth     ; 3.57                        ;
+-----------------------+-----------------------------+


+-------------------------------+
; Elapsed Time Per Partition    ;
+----------------+--------------+
; Partition Name ; Elapsed Time ;
+----------------+--------------+
; Top            ; 00:00:03     ;
+----------------+--------------+


+-------------------------------+
; Analysis & Synthesis Messages ;
+-------------------------------+
Info: *******************************************************************
Info: Running Quartus Prime Analysis & Synthesis
    Info: Version 25.1std.0 Build 1129 10/21/2025 SC Lite Edition
    Info: Processing started: Wed Sep  9 10:15:51 2026
Info: Command: quartus_map --read_settings_files=on --write_settings_files=off 2d_conv -c 2d_conv
Warning (18236): Number of processors has not been specified which may cause overloading on shared machines.  Set the global assignment NUM_PARALLEL_PROCESSORS in your QSF to an appropriate value for best performance.
Info (20030): Parallel compilation is enabled and will use 10 of the 10 processors detected
Info (12021): Found 1 design units, including 1 entities, in source file /nti/2d_conv_project/rtl/pll.v
    Info (12023): Found entity 1: pll File: G:/nti/2d_conv_project/rtl/pll.v Line: 8
Info (12021): Found 1 design units, including 1 entities, in source file /nti/2d_conv_project/rtl/pll/pll_0002.v
    Info (12023): Found entity 1: pll_0002 File: G:/nti/2d_conv_project/rtl/pll/pll_0002.v Line: 2
Info (12021): Found 1 design units, including 1 entities, in source file rtl/window_gen.v
    Info (12023): Found entity 1: window_gen File: G:/nti/2d_conv_project/New folder/rtl/window_gen.v Line: 1
Info (12021): Found 1 design units, including 1 entities, in source file rtl/vga_controller.v
    Info (12023): Found entity 1: vga_controller File: G:/nti/2d_conv_project/New folder/rtl/vga_controller.v Line: 1
Info (12021): Found 1 design units, including 1 entities, in source file rtl/system_top.v
    Info (12023): Found entity 1: system_top File: G:/nti/2d_conv_project/New folder/rtl/system_top.v Line: 1
Info (12021): Found 1 design units, including 1 entities, in source file rtl/signed_multiply_with_input_and_output_registers.v
    Info (12023): Found entity 1: signed_multiply_with_input_and_output_registers File: G:/nti/2d_conv_project/New folder/rtl/signed_multiply_with_input_and_output_registers.v Line: 4
Info (12021): Found 1 design units, including 1 entities, in source file rtl/signed_adder_subtractor.v
    Info (12023): Found entity 1: signed_adder_subtractor File: G:/nti/2d_conv_project/New folder/rtl/signed_adder_subtractor.v Line: 1
Warning (10238): Verilog Module Declaration warning at output_if.v(2): ignored anonymous port(s) indicated by duplicate or dangling comma(s) in the port list for module "out_if" File: G:/nti/2d_conv_project/New folder/rtl/output_if.v Line: 2
Info (12021): Found 1 design units, including 1 entities, in source file rtl/output_if.v
    Info (12023): Found entity 1: out_if File: G:/nti/2d_conv_project/New folder/rtl/output_if.v Line: 1
Info (12021): Found 1 design units, including 1 entities, in source file rtl/output_assembly.v
    Info (12023): Found entity 1: output_ass File: G:/nti/2d_conv_project/New folder/rtl/output_assembly.v Line: 1
Info (12021): Found 1 design units, including 1 entities, in source file rtl/mac_mult_array.v
    Info (12023): Found entity 1: mac_mult_array File: G:/nti/2d_conv_project/New folder/rtl/mac_mult_array.v Line: 1
Info (12021): Found 1 design units, including 1 entities, in source file rtl/kernel_regs.v
    Info (12023): Found entity 1: k_regs File: G:/nti/2d_conv_project/New folder/rtl/kernel_regs.v Line: 1
Info (12021): Found 1 design units, including 1 entities, in source file rtl/in9_reg.v
    Info (12023): Found entity 1: in9_reg File: G:/nti/2d_conv_project/New folder/rtl/in9_reg.v Line: 1
Info (12021): Found 1 design units, including 1 entities, in source file rtl/image_bram.v
    Info (12023): Found entity 1: image_bram File: G:/nti/2d_conv_project/New folder/rtl/image_bram.v Line: 1
Info (12021): Found 1 design units, including 1 entities, in source file rtl/frame_buffer.v
    Info (12023): Found entity 1: fr_buf File: G:/nti/2d_conv_project/New folder/rtl/frame_buffer.v Line: 1
Info (12021): Found 1 design units, including 1 entities, in source file rtl/conv_top.v
    Info (12023): Found entity 1: conv_top File: G:/nti/2d_conv_project/New folder/rtl/conv_top.v Line: 1
Info (12021): Found 1 design units, including 1 entities, in source file rtl/addr_gen.v
    Info (12023): Found entity 1: addr_gen File: G:/nti/2d_conv_project/New folder/rtl/addr_gen.v Line: 1
Info (12021): Found 1 design units, including 1 entities, in source file rtl/adder_tree.v
    Info (12023): Found entity 1: adder_tree File: G:/nti/2d_conv_project/New folder/rtl/adder_tree.v Line: 1
Info (12127): Elaborating entity "system_top" for the top level hierarchy
Info (12128): Elaborating entity "conv_top" for hierarchy "conv_top:u_conv_top" File: G:/nti/2d_conv_project/New folder/rtl/system_top.v Line: 62
Info (12128): Elaborating entity "addr_gen" for hierarchy "conv_top:u_conv_top|addr_gen:u_addr_gen" File: G:/nti/2d_conv_project/New folder/rtl/conv_top.v Line: 45
Warning (10230): Verilog HDL assignment warning at addr_gen.v(20): truncated value with size 32 to match size of target (4) File: G:/nti/2d_conv_project/New folder/rtl/addr_gen.v Line: 20
Warning (10230): Verilog HDL assignment warning at addr_gen.v(22): truncated value with size 32 to match size of target (4) File: G:/nti/2d_conv_project/New folder/rtl/addr_gen.v Line: 22
Warning (10230): Verilog HDL assignment warning at addr_gen.v(29): truncated value with size 32 to match size of target (8) File: G:/nti/2d_conv_project/New folder/rtl/addr_gen.v Line: 29
Warning (10230): Verilog HDL assignment warning at addr_gen.v(30): truncated value with size 32 to match size of target (8) File: G:/nti/2d_conv_project/New folder/rtl/addr_gen.v Line: 30
Warning (10230): Verilog HDL assignment warning at addr_gen.v(31): truncated value with size 32 to match size of target (8) File: G:/nti/2d_conv_project/New folder/rtl/addr_gen.v Line: 31
Info (12128): Elaborating entity "image_bram" for hierarchy "conv_top:u_conv_top|image_bram:u_image_bram" File: G:/nti/2d_conv_project/New folder/rtl/conv_top.v Line: 55
Warning (10030): Net "image_mem_top.data_a" at image_bram.v(10) has no driver or initial value, using a default initial value '0' File: G:/nti/2d_conv_project/New folder/rtl/image_bram.v Line: 10
Warning (10030): Net "image_mem_top.waddr_a" at image_bram.v(10) has no driver or initial value, using a default initial value '0' File: G:/nti/2d_conv_project/New folder/rtl/image_bram.v Line: 10
Warning (10030): Net "image_mem_mid.data_a" at image_bram.v(11) has no driver or initial value, using a default initial value '0' File: G:/nti/2d_conv_project/New folder/rtl/image_bram.v Line: 11
Warning (10030): Net "image_mem_mid.waddr_a" at image_bram.v(11) has no driver or initial value, using a default initial value '0' File: G:/nti/2d_conv_project/New folder/rtl/image_bram.v Line: 11
Warning (10030): Net "image_mem_bot.data_a" at image_bram.v(12) has no driver or initial value, using a default initial value '0' File: G:/nti/2d_conv_project/New folder/rtl/image_bram.v Line: 12
Warning (10030): Net "image_mem_bot.waddr_a" at image_bram.v(12) has no driver or initial value, using a default initial value '0' File: G:/nti/2d_conv_project/New folder/rtl/image_bram.v Line: 12
Warning (10030): Net "image_mem_top.we_a" at image_bram.v(10) has no driver or initial value, using a default initial value '0' File: G:/nti/2d_conv_project/New folder/rtl/image_bram.v Line: 10
Warning (10030): Net "image_mem_mid.we_a" at image_bram.v(11) has no driver or initial value, using a default initial value '0' File: G:/nti/2d_conv_project/New folder/rtl/image_bram.v Line: 11
Warning (10030): Net "image_mem_bot.we_a" at image_bram.v(12) has no driver or initial value, using a default initial value '0' File: G:/nti/2d_conv_project/New folder/rtl/image_bram.v Line: 12
Info (12128): Elaborating entity "window_gen" for hierarchy "conv_top:u_conv_top|window_gen:u_window_gen" File: G:/nti/2d_conv_project/New folder/rtl/conv_top.v Line: 74
Info (12128): Elaborating entity "k_regs" for hierarchy "conv_top:u_conv_top|k_regs:u_k_regs" File: G:/nti/2d_conv_project/New folder/rtl/conv_top.v Line: 92
Info (12128): Elaborating entity "mac_mult_array" for hierarchy "conv_top:u_conv_top|mac_mult_array:u_mac" File: G:/nti/2d_conv_project/New folder/rtl/conv_top.v Line: 114
Info (12128): Elaborating entity "signed_multiply_with_input_and_output_registers" for hierarchy "conv_top:u_conv_top|mac_mult_array:u_mac|signed_multiply_with_input_and_output_registers:mult_inst1" File: G:/nti/2d_conv_project/New folder/rtl/mac_mult_array.v Line: 31
Info (12128): Elaborating entity "adder_tree" for hierarchy "conv_top:u_conv_top|adder_tree:u_adder_tree" File: G:/nti/2d_conv_project/New folder/rtl/conv_top.v Line: 138
Info (12128): Elaborating entity "in9_reg" for hierarchy "conv_top:u_conv_top|adder_tree:u_adder_tree|in9_reg:reg_inst" File: G:/nti/2d_conv_project/New folder/rtl/adder_tree.v Line: 42
Warning (10240): Verilog HDL Always Construct warning at in9_reg.v(14): inferring latch(es) for variable "i", which holds its previous value in one or more paths through the always construct File: G:/nti/2d_conv_project/New folder/rtl/in9_reg.v Line: 14
Info (12128): Elaborating entity "signed_adder_subtractor" for hierarchy "conv_top:u_conv_top|adder_tree:u_adder_tree|signed_adder_subtractor:adder_inst1" File: G:/nti/2d_conv_project/New folder/rtl/adder_tree.v Line: 54
Info (12128): Elaborating entity "signed_adder_subtractor" for hierarchy "conv_top:u_conv_top|adder_tree:u_adder_tree|signed_adder_subtractor:adder_inst5" File: G:/nti/2d_conv_project/New folder/rtl/adder_tree.v Line: 94
Info (12128): Elaborating entity "signed_adder_subtractor" for hierarchy "conv_top:u_conv_top|adder_tree:u_adder_tree|signed_adder_subtractor:adder_inst7" File: G:/nti/2d_conv_project/New folder/rtl/adder_tree.v Line: 114
Info (12128): Elaborating entity "signed_adder_subtractor" for hierarchy "conv_top:u_conv_top|adder_tree:u_adder_tree|signed_adder_subtractor:adder_inst8" File: G:/nti/2d_conv_project/New folder/rtl/adder_tree.v Line: 124
Info (12128): Elaborating entity "output_ass" for hierarchy "output_ass:u_output_ass" File: G:/nti/2d_conv_project/New folder/rtl/system_top.v Line: 81
Warning (10230): Verilog HDL assignment warning at output_assembly.v(23): truncated value with size 32 to match size of target (8) File: G:/nti/2d_conv_project/New folder/rtl/output_assembly.v Line: 23
Info (12128): Elaborating entity "out_if" for hierarchy "out_if:u_out_if" File: G:/nti/2d_conv_project/New folder/rtl/system_top.v Line: 97
Info (12128): Elaborating entity "fr_buf" for hierarchy "fr_buf:u_fr_buf" File: G:/nti/2d_conv_project/New folder/rtl/system_top.v Line: 114
Info (12128): Elaborating entity "vga_controller" for hierarchy "vga_controller:u_vga_controller" File: G:/nti/2d_conv_project/New folder/rtl/system_top.v Line: 133
Warning (10230): Verilog HDL assignment warning at vga_controller.v(22): truncated value with size 32 to match size of target (3) File: G:/nti/2d_conv_project/New folder/rtl/vga_controller.v Line: 22
Warning (10230): Verilog HDL assignment warning at vga_controller.v(70): truncated value with size 32 to match size of target (10) File: G:/nti/2d_conv_project/New folder/rtl/vga_controller.v Line: 70
Warning (10230): Verilog HDL assignment warning at vga_controller.v(74): truncated value with size 32 to match size of target (10) File: G:/nti/2d_conv_project/New folder/rtl/vga_controller.v Line: 74
Warning (10230): Verilog HDL assignment warning at vga_controller.v(208): truncated value with size 10 to match size of target (4) File: G:/nti/2d_conv_project/New folder/rtl/vga_controller.v Line: 208
Warning (10230): Verilog HDL assignment warning at vga_controller.v(209): truncated value with size 10 to match size of target (4) File: G:/nti/2d_conv_project/New folder/rtl/vga_controller.v Line: 209
Warning (10240): Verilog HDL Always Construct warning at vga_controller.v(187): inferring latch(es) for variable "img_col", which holds its previous value in one or more paths through the always construct File: G:/nti/2d_conv_project/New folder/rtl/vga_controller.v Line: 187
Warning (10240): Verilog HDL Always Construct warning at vga_controller.v(187): inferring latch(es) for variable "img_row", which holds its previous value in one or more paths through the always construct File: G:/nti/2d_conv_project/New folder/rtl/vga_controller.v Line: 187
Info (12128): Elaborating entity "pll" for hierarchy "vga_controller:u_vga_controller|pll:ins_pll" File: G:/nti/2d_conv_project/New folder/rtl/vga_controller.v Line: 48
Info (12128): Elaborating entity "pll_0002" for hierarchy "vga_controller:u_vga_controller|pll:ins_pll|pll_0002:pll_inst" File: G:/nti/2d_conv_project/rtl/pll.v Line: 19
Info (12128): Elaborating entity "altera_pll" for hierarchy "vga_controller:u_vga_controller|pll:ins_pll|pll_0002:pll_inst|altera_pll:altera_pll_i" File: G:/nti/2d_conv_project/rtl/pll/pll_0002.v Line: 85
Info (10008): Verilog HDL or VHDL information: EDA Netlist Writer cannot regroup multidimensional array "wire_to_nowhere_64" into its bus
Info (12130): Elaborated megafunction instantiation "vga_controller:u_vga_controller|pll:ins_pll|pll_0002:pll_inst|altera_pll:altera_pll_i" File: G:/nti/2d_conv_project/rtl/pll/pll_0002.v Line: 85
Info (12133): Instantiated megafunction "vga_controller:u_vga_controller|pll:ins_pll|pll_0002:pll_inst|altera_pll:altera_pll_i" with the following parameter: File: G:/nti/2d_conv_project/rtl/pll/pll_0002.v Line: 85
    Info (12134): Parameter "fractional_vco_multiplier" = "false"
    Info (12134): Parameter "reference_clock_frequency" = "50.0 MHz"
    Info (12134): Parameter "operation_mode" = "direct"
    Info (12134): Parameter "number_of_clocks" = "1"
    Info (12134): Parameter "output_clock_frequency0" = "25.175644 MHz"
    Info (12134): Parameter "phase_shift0" = "0 ps"
    Info (12134): Parameter "duty_cycle0" = "50"
    Info (12134): Parameter "output_clock_frequency1" = "0 MHz"
    Info (12134): Parameter "phase_shift1" = "0 ps"
    Info (12134): Parameter "duty_cycle1" = "50"
    Info (12134): Parameter "output_clock_frequency2" = "0 MHz"
    Info (12134): Parameter "phase_shift2" = "0 ps"
    Info (12134): Parameter "duty_cycle2" = "50"
    Info (12134): Parameter "output_clock_frequency3" = "0 MHz"
    Info (12134): Parameter "phase_shift3" = "0 ps"
    Info (12134): Parameter "duty_cycle3" = "50"
    Info (12134): Parameter "output_clock_frequency4" = "0 MHz"
    Info (12134): Parameter "phase_shift4" = "0 ps"
    Info (12134): Parameter "duty_cycle4" = "50"
    Info (12134): Parameter "output_clock_frequency5" = "0 MHz"
    Info (12134): Parameter "phase_shift5" = "0 ps"
    Info (12134): Parameter "duty_cycle5" = "50"
    Info (12134): Parameter "output_clock_frequency6" = "0 MHz"
    Info (12134): Parameter "phase_shift6" = "0 ps"
    Info (12134): Parameter "duty_cycle6" = "50"
    Info (12134): Parameter "output_clock_frequency7" = "0 MHz"
    Info (12134): Parameter "phase_shift7" = "0 ps"
    Info (12134): Parameter "duty_cycle7" = "50"
    Info (12134): Parameter "output_clock_frequency8" = "0 MHz"
    Info (12134): Parameter "phase_shift8" = "0 ps"
    Info (12134): Parameter "duty_cycle8" = "50"
    Info (12134): Parameter "output_clock_frequency9" = "0 MHz"
    Info (12134): Parameter "phase_shift9" = "0 ps"
    Info (12134): Parameter "duty_cycle9" = "50"
    Info (12134): Parameter "output_clock_frequency10" = "0 MHz"
    Info (12134): Parameter "phase_shift10" = "0 ps"
    Info (12134): Parameter "duty_cycle10" = "50"
    Info (12134): Parameter "output_clock_frequency11" = "0 MHz"
    Info (12134): Parameter "phase_shift11" = "0 ps"
    Info (12134): Parameter "duty_cycle11" = "50"
    Info (12134): Parameter "output_clock_frequency12" = "0 MHz"
    Info (12134): Parameter "phase_shift12" = "0 ps"
    Info (12134): Parameter "duty_cycle12" = "50"
    Info (12134): Parameter "output_clock_frequency13" = "0 MHz"
    Info (12134): Parameter "phase_shift13" = "0 ps"
    Info (12134): Parameter "duty_cycle13" = "50"
    Info (12134): Parameter "output_clock_frequency14" = "0 MHz"
    Info (12134): Parameter "phase_shift14" = "0 ps"
    Info (12134): Parameter "duty_cycle14" = "50"
    Info (12134): Parameter "output_clock_frequency15" = "0 MHz"
    Info (12134): Parameter "phase_shift15" = "0 ps"
    Info (12134): Parameter "duty_cycle15" = "50"
    Info (12134): Parameter "output_clock_frequency16" = "0 MHz"
    Info (12134): Parameter "phase_shift16" = "0 ps"
    Info (12134): Parameter "duty_cycle16" = "50"
    Info (12134): Parameter "output_clock_frequency17" = "0 MHz"
    Info (12134): Parameter "phase_shift17" = "0 ps"
    Info (12134): Parameter "duty_cycle17" = "50"
    Info (12134): Parameter "pll_type" = "General"
    Info (12134): Parameter "pll_subtype" = "General"
Info (286030): Timing-Driven Synthesis is running
Warning (276027): Inferred dual-clock RAM node "fr_buf:u_fr_buf|ram_rtl_0" from synchronous design logic.  The read-during-write behavior of a dual-clock RAM is undefined and may not match the behavior of the original design.
Info (19000): Inferred 5 megafunctions from design logic
    Info (276029): Inferred altsyncram megafunction from the following design logic: "fr_buf:u_fr_buf|ram_rtl_0" 
        Info (286033): Parameter OPERATION_MODE set to DUAL_PORT
        Info (286033): Parameter WIDTH_A set to 8
        Info (286033): Parameter WIDTHAD_A set to 8
        Info (286033): Parameter NUMWORDS_A set to 256
        Info (286033): Parameter WIDTH_B set to 8
        Info (286033): Parameter WIDTHAD_B set to 8
        Info (286033): Parameter NUMWORDS_B set to 256
        Info (286033): Parameter ADDRESS_ACLR_A set to NONE
        Info (286033): Parameter OUTDATA_REG_B set to UNREGISTERED
        Info (286033): Parameter ADDRESS_ACLR_B set to NONE
        Info (286033): Parameter OUTDATA_ACLR_B set to NONE
        Info (286033): Parameter ADDRESS_REG_B set to CLOCK1
        Info (286033): Parameter INDATA_ACLR_A set to NONE
        Info (286033): Parameter WRCONTROL_ACLR_A set to NONE
        Info (286033): Parameter INIT_FILE set to db/2d_conv.ram0_fr_buf_a78ea25.hdl.mif
    Info (276029): Inferred altsyncram megafunction from the following design logic: "conv_top:u_conv_top|image_bram:u_image_bram|image_mem_top_rtl_0" 
        Info (286033): Parameter OPERATION_MODE set to ROM
        Info (286033): Parameter WIDTH_A set to 8
        Info (286033): Parameter WIDTHAD_A set to 8
        Info (286033): Parameter NUMWORDS_A set to 256
        Info (286033): Parameter OUTDATA_REG_A set to UNREGISTERED
        Info (286033): Parameter ADDRESS_ACLR_A set to NONE
        Info (286033): Parameter OUTDATA_ACLR_A set to NONE
        Info (286033): Parameter INDATA_ACLR_A set to NONE
        Info (286033): Parameter WRCONTROL_ACLR_A set to NONE
        Info (286033): Parameter RAM_BLOCK_TYPE set to M10K
        Info (286033): Parameter INIT_FILE set to db/2d_conv.ram0_image_bram_1da70156.hdl.mif
    Info (276029): Inferred altsyncram megafunction from the following design logic: "conv_top:u_conv_top|image_bram:u_image_bram|image_mem_mid_rtl_0" 
        Info (286033): Parameter OPERATION_MODE set to ROM
        Info (286033): Parameter WIDTH_A set to 8
        Info (286033): Parameter WIDTHAD_A set to 8
        Info (286033): Parameter NUMWORDS_A set to 256
        Info (286033): Parameter OUTDATA_REG_A set to UNREGISTERED
        Info (286033): Parameter ADDRESS_ACLR_A set to NONE
        Info (286033): Parameter OUTDATA_ACLR_A set to NONE
        Info (286033): Parameter INDATA_ACLR_A set to NONE
        Info (286033): Parameter WRCONTROL_ACLR_A set to NONE
        Info (286033): Parameter RAM_BLOCK_TYPE set to M10K
        Info (286033): Parameter INIT_FILE set to db/2d_conv.ram1_image_bram_1da70156.hdl.mif
    Info (276029): Inferred altsyncram megafunction from the following design logic: "conv_top:u_conv_top|image_bram:u_image_bram|image_mem_bot_rtl_0" 
        Info (286033): Parameter OPERATION_MODE set to ROM
        Info (286033): Parameter WIDTH_A set to 8
        Info (286033): Parameter WIDTHAD_A set to 8
        Info (286033): Parameter NUMWORDS_A set to 256
        Info (286033): Parameter OUTDATA_REG_A set to UNREGISTERED
        Info (286033): Parameter ADDRESS_ACLR_A set to NONE
        Info (286033): Parameter OUTDATA_ACLR_A set to NONE
        Info (286033): Parameter INDATA_ACLR_A set to NONE
        Info (286033): Parameter WRCONTROL_ACLR_A set to NONE
        Info (286033): Parameter RAM_BLOCK_TYPE set to M10K
        Info (286033): Parameter INIT_FILE set to db/2d_conv.ram2_image_bram_1da70156.hdl.mif
    Info (276034): Inferred altshift_taps megafunction from the following design logic: "conv_top:u_conv_top|adder_tree:u_adder_tree|in9_reg:reg_inst|shift_reg_rtl_0"
        Info (286033): Parameter NUMBER_OF_TAPS set to 1
        Info (286033): Parameter TAP_DISTANCE set to 3
        Info (286033): Parameter WIDTH set to 16
        Info (286033): Parameter POWER_UP_STATE set to DONT_CARE
Info (278001): Inferred 2 megafunctions from design logic
    Info (278004): Inferred divider/modulo megafunction ("lpm_divide") from the following logic: "vga_controller:u_vga_controller|Div0" File: G:/nti/2d_conv_project/New folder/rtl/vga_controller.v Line: 208
    Info (278004): Inferred divider/modulo megafunction ("lpm_divide") from the following logic: "vga_controller:u_vga_controller|Div1" File: G:/nti/2d_conv_project/New folder/rtl/vga_controller.v Line: 209
Info (12130): Elaborated megafunction instantiation "fr_buf:u_fr_buf|altsyncram:ram_rtl_0"
Info (12133): Instantiated megafunction "fr_buf:u_fr_buf|altsyncram:ram_rtl_0" with the following parameter:
    Info (12134): Parameter "OPERATION_MODE" = "DUAL_PORT"
    Info (12134): Parameter "WIDTH_A" = "8"
    Info (12134): Parameter "WIDTHAD_A" = "8"
    Info (12134): Parameter "NUMWORDS_A" = "256"
    Info (12134): Parameter "WIDTH_B" = "8"
    Info (12134): Parameter "WIDTHAD_B" = "8"
    Info (12134): Parameter "NUMWORDS_B" = "256"
    Info (12134): Parameter "ADDRESS_ACLR_A" = "NONE"
    Info (12134): Parameter "OUTDATA_REG_B" = "UNREGISTERED"
    Info (12134): Parameter "ADDRESS_ACLR_B" = "NONE"
    Info (12134): Parameter "OUTDATA_ACLR_B" = "NONE"
    Info (12134): Parameter "ADDRESS_REG_B" = "CLOCK1"
    Info (12134): Parameter "INDATA_ACLR_A" = "NONE"
    Info (12134): Parameter "WRCONTROL_ACLR_A" = "NONE"
    Info (12134): Parameter "INIT_FILE" = "db/2d_conv.ram0_fr_buf_a78ea25.hdl.mif"
Info (12021): Found 1 design units, including 1 entities, in source file db/altsyncram_hjn1.tdf
    Info (12023): Found entity 1: altsyncram_hjn1 File: G:/nti/2d_conv_project/New folder/db/altsyncram_hjn1.tdf Line: 28
Info (12130): Elaborated megafunction instantiation "conv_top:u_conv_top|image_bram:u_image_bram|altsyncram:image_mem_top_rtl_0"
Info (12133): Instantiated megafunction "conv_top:u_conv_top|image_bram:u_image_bram|altsyncram:image_mem_top_rtl_0" with the following parameter:
    Info (12134): Parameter "OPERATION_MODE" = "ROM"
    Info (12134): Parameter "WIDTH_A" = "8"
    Info (12134): Parameter "WIDTHAD_A" = "8"
    Info (12134): Parameter "NUMWORDS_A" = "256"
    Info (12134): Parameter "OUTDATA_REG_A" = "UNREGISTERED"
    Info (12134): Parameter "ADDRESS_ACLR_A" = "NONE"
    Info (12134): Parameter "OUTDATA_ACLR_A" = "NONE"
    Info (12134): Parameter "INDATA_ACLR_A" = "NONE"
    Info (12134): Parameter "WRCONTROL_ACLR_A" = "NONE"
    Info (12134): Parameter "RAM_BLOCK_TYPE" = "M10K"
    Info (12134): Parameter "INIT_FILE" = "db/2d_conv.ram0_image_bram_1da70156.hdl.mif"
Info (12021): Found 1 design units, including 1 entities, in source file db/altsyncram_37f1.tdf
    Info (12023): Found entity 1: altsyncram_37f1 File: G:/nti/2d_conv_project/New folder/db/altsyncram_37f1.tdf Line: 28
Info (12130): Elaborated megafunction instantiation "conv_top:u_conv_top|image_bram:u_image_bram|altsyncram:image_mem_mid_rtl_0"
Info (12133): Instantiated megafunction "conv_top:u_conv_top|image_bram:u_image_bram|altsyncram:image_mem_mid_rtl_0" with the following parameter:
    Info (12134): Parameter "OPERATION_MODE" = "ROM"
    Info (12134): Parameter "WIDTH_A" = "8"
    Info (12134): Parameter "WIDTHAD_A" = "8"
    Info (12134): Parameter "NUMWORDS_A" = "256"
    Info (12134): Parameter "OUTDATA_REG_A" = "UNREGISTERED"
    Info (12134): Parameter "ADDRESS_ACLR_A" = "NONE"
    Info (12134): Parameter "OUTDATA_ACLR_A" = "NONE"
    Info (12134): Parameter "INDATA_ACLR_A" = "NONE"
    Info (12134): Parameter "WRCONTROL_ACLR_A" = "NONE"
    Info (12134): Parameter "RAM_BLOCK_TYPE" = "M10K"
    Info (12134): Parameter "INIT_FILE" = "db/2d_conv.ram1_image_bram_1da70156.hdl.mif"
Info (12021): Found 1 design units, including 1 entities, in source file db/altsyncram_47f1.tdf
    Info (12023): Found entity 1: altsyncram_47f1 File: G:/nti/2d_conv_project/New folder/db/altsyncram_47f1.tdf Line: 28
Info (12130): Elaborated megafunction instantiation "conv_top:u_conv_top|image_bram:u_image_bram|altsyncram:image_mem_bot_rtl_0"
Info (12133): Instantiated megafunction "conv_top:u_conv_top|image_bram:u_image_bram|altsyncram:image_mem_bot_rtl_0" with the following parameter:
    Info (12134): Parameter "OPERATION_MODE" = "ROM"
    Info (12134): Parameter "WIDTH_A" = "8"
    Info (12134): Parameter "WIDTHAD_A" = "8"
    Info (12134): Parameter "NUMWORDS_A" = "256"
    Info (12134): Parameter "OUTDATA_REG_A" = "UNREGISTERED"
    Info (12134): Parameter "ADDRESS_ACLR_A" = "NONE"
    Info (12134): Parameter "OUTDATA_ACLR_A" = "NONE"
    Info (12134): Parameter "INDATA_ACLR_A" = "NONE"
    Info (12134): Parameter "WRCONTROL_ACLR_A" = "NONE"
    Info (12134): Parameter "RAM_BLOCK_TYPE" = "M10K"
    Info (12134): Parameter "INIT_FILE" = "db/2d_conv.ram2_image_bram_1da70156.hdl.mif"
Info (12021): Found 1 design units, including 1 entities, in source file db/altsyncram_57f1.tdf
    Info (12023): Found entity 1: altsyncram_57f1 File: G:/nti/2d_conv_project/New folder/db/altsyncram_57f1.tdf Line: 28
Info (12130): Elaborated megafunction instantiation "conv_top:u_conv_top|adder_tree:u_adder_tree|in9_reg:reg_inst|altshift_taps:shift_reg_rtl_0"
Info (12133): Instantiated megafunction "conv_top:u_conv_top|adder_tree:u_adder_tree|in9_reg:reg_inst|altshift_taps:shift_reg_rtl_0" with the following parameter:
    Info (12134): Parameter "NUMBER_OF_TAPS" = "1"
    Info (12134): Parameter "TAP_DISTANCE" = "3"
    Info (12134): Parameter "WIDTH" = "16"
    Info (12134): Parameter "POWER_UP_STATE" = "DONT_CARE"
Info (12021): Found 1 design units, including 1 entities, in source file db/shift_taps_vcv.tdf
    Info (12023): Found entity 1: shift_taps_vcv File: G:/nti/2d_conv_project/New folder/db/shift_taps_vcv.tdf Line: 29
Info (12021): Found 1 design units, including 1 entities, in source file db/altsyncram_hfc1.tdf
    Info (12023): Found entity 1: altsyncram_hfc1 File: G:/nti/2d_conv_project/New folder/db/altsyncram_hfc1.tdf Line: 28
Info (12021): Found 1 design units, including 1 entities, in source file db/cntr_ohf.tdf
    Info (12023): Found entity 1: cntr_ohf File: G:/nti/2d_conv_project/New folder/db/cntr_ohf.tdf Line: 28
Info (12021): Found 1 design units, including 1 entities, in source file db/cmpr_a9c.tdf
    Info (12023): Found entity 1: cmpr_a9c File: G:/nti/2d_conv_project/New folder/db/cmpr_a9c.tdf Line: 23
Info (12021): Found 1 design units, including 1 entities, in source file db/cntr_b1h.tdf
    Info (12023): Found entity 1: cntr_b1h File: G:/nti/2d_conv_project/New folder/db/cntr_b1h.tdf Line: 28
Info (12130): Elaborated megafunction instantiation "vga_controller:u_vga_controller|lpm_divide:Div0" File: G:/nti/2d_conv_project/New folder/rtl/vga_controller.v Line: 208
Info (12133): Instantiated megafunction "vga_controller:u_vga_controller|lpm_divide:Div0" with the following parameter: File: G:/nti/2d_conv_project/New folder/rtl/vga_controller.v Line: 208
    Info (12134): Parameter "LPM_WIDTHN" = "10"
    Info (12134): Parameter "LPM_WIDTHD" = "5"
    Info (12134): Parameter "LPM_NREPRESENTATION" = "UNSIGNED"
    Info (12134): Parameter "LPM_DREPRESENTATION" = "UNSIGNED"
Info (12021): Found 1 design units, including 1 entities, in source file db/lpm_divide_fbm.tdf
    Info (12023): Found entity 1: lpm_divide_fbm File: G:/nti/2d_conv_project/New folder/db/lpm_divide_fbm.tdf Line: 25
Info (12021): Found 1 design units, including 1 entities, in source file db/sign_div_unsign_llh.tdf
    Info (12023): Found entity 1: sign_div_unsign_llh File: G:/nti/2d_conv_project/New folder/db/sign_div_unsign_llh.tdf Line: 25
Info (12021): Found 1 design units, including 1 entities, in source file db/alt_u_div_gve.tdf
    Info (12023): Found entity 1: alt_u_div_gve File: G:/nti/2d_conv_project/New folder/db/alt_u_div_gve.tdf Line: 23
Warning (13024): Output pins are stuck at VCC or GND
    Warning (13410): Pin "vga_sync_N" is stuck at GND File: G:/nti/2d_conv_project/New folder/rtl/system_top.v Line: 21
Info (17049): 220 registers lost all their fanouts during netlist optimizations.
Info (16010): Generating hard_block partition "hard_block:auto_generated_inst"
    Info (16011): Adding 7 node(s), including 0 DDIO, 1 PLL, 0 transceiver and 0 LCELL
Info (21057): Implemented 858 device resources after synthesis - the final resource count might be different
    Info (21058): Implemented 5 input pins
    Info (21059): Implemented 30 output pins
    Info (21061): Implemented 769 logic cells
    Info (21064): Implemented 48 RAM segments
    Info (21065): Implemented 1 PLLs
    Info (21062): Implemented 5 DSP elements
Info: Quartus Prime Analysis & Synthesis was successful. 0 errors, 28 warnings
    Info: Peak virtual memory: 4963 megabytes
    Info: Processing ended: Wed Sep  9 10:16:30 2026
    Info: Elapsed time: 00:00:39
    Info: Total CPU time (on all processors): 00:00:52


